artist_name,album_name,album_type,release_date,total_tracks,album_uri,name,duration_ms,explicit,track_number,popularity,valence,danceability,energy,key,loudness,mode,speechiness,acousticness,instrumentalness,liveness,tempo,time_signature,track_uri
NCT 127,2 Baddies - The 4th Album,album,2022-09-16,12,spotify:album:6p80QT3z7kOHpYdnsItQTQ,faster,170626,False,1,63,0.441,0.827,0.793,1,-4.176,1,0.118,0.0251,0.0,0.241,96.973,4,spotify:track:46hCrsB4mC1IWcYOMQqNWA
NCT 127,2 Baddies - The 4th Album,album,2022-09-16,12,spotify:album:6p80QT3z7kOHpYdnsItQTQ,2 baddies,230293,False,2,70,0.529,0.596,0.921,2,-2.372,1,0.258,0.153,0.0,0.0922,171.96,4,spotify:track:1WKLxJpDqkQ9x1qEDNutoX
NCT 127,2 Baddies - The 4th Album,album,2022-09-16,12,spotify:album:6p80QT3z7kOHpYdnsItQTQ,time lapse,215306,False,3,62,0.462,0.484,0.9,6,-3.567,0,0.209,0.0589,0.0,0.288,84.901,4,spotify:track:3FxGTxebY5j4Etl1KbIIZl
NCT 127,2 Baddies - The 4th Album,album,2022-09-16,12,spotify:album:6p80QT3z7kOHpYdnsItQTQ,crash landing,204800,False,4,61,0.56,0.592,0.874,1,-2.059,1,0.0904,0.199,0.0,0.0769,140.06,4,spotify:track:66eZq38bO1ofzmpNa02XiL
NCT 127,2 Baddies - The 4th Album,album,2022-09-16,12,spotify:album:6p80QT3z7kOHpYdnsItQTQ,designer,237080,False,5,62,0.517,0.706,0.906,1,-3.379,1,0.0932,0.0978,0.0,0.111,92.965,4,spotify:track:4axTxw4EXSVSGm6f6vxTdZ
NCT 127,2 Baddies - The 4th Album,album,2022-09-16,12,spotify:album:6p80QT3z7kOHpYdnsItQTQ,gold dust,249613,False,6,61,0.521,0.74,0.537,0,-5.477,1,0.0401,0.704,0.0,0.35,140.008,4,spotify:track:0Hj4YtlD0Q5O0srdZxJUtl
NCT 127,2 Baddies - The 4th Album,album,2022-09-16,12,spotify:album:6p80QT3z7kOHpYdnsItQTQ,black clouds,218400,False,7,59,0.267,0.676,0.708,2,-4.305,1,0.0436,0.265,0.0,0.099,84.982,4,spotify:track:1n3XdyPzDSbbVoRUb9QSW7
NCT 127,2 Baddies - The 4th Album,album,2022-09-16,12,spotify:album:6p80QT3z7kOHpYdnsItQTQ,playback,192546,False,8,57,0.598,0.672,0.736,6,-4.714,0,0.123,0.409,0.0,0.195,160.013,4,spotify:track:2138nuFxkpawpBEkhyzZee
NCT 127,2 Baddies - The 4th Album,album,2022-09-16,12,spotify:album:6p80QT3z7kOHpYdnsItQTQ,tasty,214746,False,9,58,0.533,0.784,0.937,11,-3.933,0,0.136,0.00694,0.000124,0.0706,107.946,4,spotify:track:3NVskN6estUcP26ZaMcMMu
NCT 127,2 Baddies - The 4th Album,album,2022-09-16,12,spotify:album:6p80QT3z7kOHpYdnsItQTQ,vitamin,184386,False,10,58,0.747,0.75,0.7,7,-3.139,1,0.045,0.152,0.0,0.0359,90.149,4,spotify:track:71mbhY822FlcBmxMgeuUgA
NCT 127,2 Baddies - The 4th Album,album,2022-09-16,12,spotify:album:6p80QT3z7kOHpYdnsItQTQ,lol (laugh-out-loud),219533,False,11,57,0.52,0.5,0.867,9,-3.101,1,0.0499,0.0945,0.0,0.0693,89.889,4,spotify:track:5P188CGPr5TKnhTrTGWme1
NCT 127,2 Baddies - The 4th Album,album,2022-09-16,12,spotify:album:6p80QT3z7kOHpYdnsItQTQ,"1, 2, 7 (time stops)",216866,False,12,57,0.284,0.668,0.762,7,-4.236,1,0.088,0.0967,0.0,0.118,93.934,4,spotify:track:3bPwNEZ0yLDT1j06XD4I9X
NCT 127,Favorite - The 3rd Album Repackage,album,2021-10-25,14,spotify:album:5LbnQtyHBfJUCigA08llHX,favorite (vampire),215586,False,1,64,0.178,0.561,0.758,5,-3.87,0,0.0478,0.000831,3.08e-06,0.15,149.944,4,spotify:track:2R8MZR1RCP4cIJITHDPRbY
NCT 127,Favorite - The 3rd Album Repackage,album,2021-10-25,14,spotify:album:5LbnQtyHBfJUCigA08llHX,love on the floor,218280,False,3,57,0.641,0.889,0.679,11,-4.106,0,0.11,0.0799,1.37e-05,0.031,116.998,4,spotify:track:2qDEhEy3vSZYFVgWbRChzw
NCT 127,Favorite - The 3rd Album Repackage,album,2021-10-25,14,spotify:album:5LbnQtyHBfJUCigA08llHX,pilot,209360,False,6,49,0.762,0.624,0.879,5,-2.676,0,0.0552,0.0579,0.0,0.223,160.024,4,spotify:track:5JelBxGOmT607wiyQG6fxK
NCT 127,Sticker - The 3rd Album,album,2021-09-17,11,spotify:album:6nYbIKGcTmKM5BAlJPPcad,sticker,227773,False,1,62,0.719,0.527,0.769,2,-0.419,1,0.28,0.311,0.0,0.742,156.032,4,spotify:track:1iGQpclvzonFNzy7Ko89V7
NCT 127,Sticker - The 3rd Album,album,2021-09-17,11,spotify:album:6nYbIKGcTmKM5BAlJPPcad,lemonade,190066,False,2,60,0.679,0.812,0.876,11,-1.456,0,0.0716,0.0145,0.000522,0.119,89.992,4,spotify:track:6txVOdSbg928oeGhlVUrdK
NCT 127,Sticker - The 3rd Album,album,2021-09-17,11,spotify:album:6nYbIKGcTmKM5BAlJPPcad,breakfast,212613,False,3,48,0.617,0.745,0.781,6,-3.59,1,0.0535,0.126,0.0,0.0508,121.941,4,spotify:track:5gVCEqLQrHkZPQzLw8pTXC
NCT 127,Sticker - The 3rd Album,album,2021-09-17,11,spotify:album:6nYbIKGcTmKM5BAlJPPcad,focus,204706,False,4,51,0.468,0.655,0.711,5,-3.34,1,0.161,0.284,0.0,0.116,82.391,4,spotify:track:3OXAycDk6KZnCfYA0LABUr
NCT 127,Sticker - The 3rd Album,album,2021-09-17,11,spotify:album:6nYbIKGcTmKM5BAlJPPcad,the rainy night,199026,False,5,50,0.337,0.476,0.633,5,-4.707,1,0.0423,0.359,0.0,0.139,149.738,3,spotify:track:0AY4qmK5YRpqSpGsnjskDK
NCT 127,Sticker - The 3rd Album,album,2021-09-17,11,spotify:album:6nYbIKGcTmKM5BAlJPPcad,far,216573,False,6,43,0.41,0.593,0.796,9,-3.847,1,0.179,0.0613,0.0,0.28,80.041,4,spotify:track:3HxtdKRmw0BNUs4VM7uYvE
NCT 127,Sticker - The 3rd Album,album,2021-09-17,11,spotify:album:6nYbIKGcTmKM5BAlJPPcad,bring the noize,222160,False,7,48,0.91,0.762,0.923,6,-3.11,1,0.185,0.196,0.0,0.488,160.065,4,spotify:track:0qrI2HZIHthFCBjnS7t2jp
NCT 127,Sticker - The 3rd Album,album,2021-09-17,11,spotify:album:6nYbIKGcTmKM5BAlJPPcad,magic carpet ride,218146,False,8,47,0.401,0.579,0.624,6,-4.85,1,0.0539,0.065,0.0,0.105,141.852,4,spotify:track:6F2wRUS8oe71Hs9O58dMKb
NCT 127,Sticker - The 3rd Album,album,2021-09-17,11,spotify:album:6nYbIKGcTmKM5BAlJPPcad,road trip,215053,False,9,44,0.434,0.75,0.538,5,-4.866,0,0.036,0.123,0.0,0.0937,87.992,4,spotify:track:2OoG4BqX926Te1vGdMFB2F
NCT 127,Sticker - The 3rd Album,album,2021-09-17,11,spotify:album:6nYbIKGcTmKM5BAlJPPcad,dreamer,209160,False,10,45,0.907,0.843,0.762,5,-2.121,0,0.112,0.292,0.0,0.042,109.038,4,spotify:track:2dGQn6Dqb5PPLqtbmvfcFf
NCT 127,Sticker - The 3rd Album,album,2021-09-17,11,spotify:album:6nYbIKGcTmKM5BAlJPPcad,promise you,211160,False,11,45,0.233,0.632,0.874,0,-2.763,1,0.0546,0.108,6.34e-06,0.118,121.954,4,spotify:track:5LuX3XQmdRG327lafv1p50
NCT 127,NCT #127 Neo Zone: The Final Round - The 2nd Album Repackage,album,2020-05-19,17,spotify:album:64F7bFLt8ULAfBl2L4Pyv4,punch,204000,False,1,52,0.511,0.636,0.915,1,-3.473,1,0.183,0.0353,0.0,0.0978,90.946,4,spotify:track:0O22hXRIdbyrnMQk7VldC9
NCT 127,NCT #127 Neo Zone: The Final Round - The 2nd Album Repackage,album,2020-05-19,17,spotify:album:64F7bFLt8ULAfBl2L4Pyv4,nonstop,204706,False,2,45,0.644,0.555,0.926,0,-2.793,0,0.113,0.0892,0.0,0.0626,149.725,4,spotify:track:23a4qKSwqUK70S8GnXa0Js
NCT 127,NCT #127 Neo Zone: The Final Round - The 2nd Album Repackage,album,2020-05-19,17,spotify:album:64F7bFLt8ULAfBl2L4Pyv4,prelude,105280,False,3,32,0.328,0.569,0.823,4,-5.709,0,0.169,0.00796,0.779,0.28,166.994,4,spotify:track:6hHzGmjnndU1GyJsZwQ0HH
NCT 127,NCT #127 Neo Zone: The Final Round - The 2nd Album Repackage,album,2020-05-19,17,spotify:album:64F7bFLt8ULAfBl2L4Pyv4,make your day,215026,False,8,40,0.439,0.602,0.411,2,-5.634,0,0.0315,0.839,0.0,0.283,117.661,3,spotify:track:3AHenSAPA6AQZZnyuWHJnz
NCT 127,NCT #127 Neo Zone - The 2nd Album,album,2020-03-06,13,spotify:album:5YOvg682zFOleCiSndLnZr,elevator (127f),209880,False,1,47,0.58,0.731,0.707,4,-3.808,0,0.0581,0.105,0.0,0.404,103.971,4,spotify:track:2Go7eMyOdfKqKOC4x32RYt
NCT 127,NCT #127 Neo Zone - The 2nd Album,album,2020-03-06,13,spotify:album:5YOvg682zFOleCiSndLnZr,boom,209080,False,3,44,0.307,0.74,0.628,2,-3.355,1,0.143,0.0418,1.74e-06,0.12,104.926,4,spotify:track:4PIDYDoXyBUAh5Tzndtk9K
NCT 127,NCT #127 Neo Zone - The 2nd Album,album,2020-03-06,13,spotify:album:5YOvg682zFOleCiSndLnZr,pandora's box,249120,False,4,42,0.634,0.636,0.813,0,-3.38,1,0.0693,0.127,0.0,0.064,159.968,4,spotify:track:2eibpPa0zEyFb7SR4edlYp
NCT 127,NCT #127 Neo Zone - The 2nd Album,album,2020-03-06,13,spotify:album:5YOvg682zFOleCiSndLnZr,day dream,205746,False,5,43,0.174,0.422,0.799,4,-4.441,1,0.14,0.203,0.0,0.198,136.424,3,spotify:track:4O5NmwwKzpQkuUUUz0V3TN
NCT 127,NCT #127 Neo Zone - The 2nd Album,album,2020-03-06,13,spotify:album:5YOvg682zFOleCiSndLnZr,interlude: neo zone,99120,False,6,35,0.109,0.529,0.575,7,-6.628,1,0.109,0.244,0.807,0.0296,165.97,4,spotify:track:4PkQJX29fickABu8UEXqIO
NCT 127,NCT #127 Neo Zone - The 2nd Album,album,2020-03-06,13,spotify:album:5YOvg682zFOleCiSndLnZr,mad dog,183186,False,7,48,0.606,0.645,0.866,2,-3.415,1,0.381,0.206,0.0,0.0976,157.831,4,spotify:track:1x60WPvUlRvUZFMaMMDGQi
NCT 127,NCT #127 Neo Zone - The 2nd Album,album,2020-03-06,13,spotify:album:5YOvg682zFOleCiSndLnZr,sit down!,200200,False,8,53,0.719,0.819,0.812,1,-4.204,1,0.11,0.0603,2e-05,0.043,127.981,4,spotify:track:3G7867O6gqh3UmpQeeMLDW
NCT 127,NCT #127 Neo Zone - The 2nd Album,album,2020-03-06,13,spotify:album:5YOvg682zFOleCiSndLnZr,love me now,248253,False,9,47,0.386,0.547,0.778,6,-4.733,0,0.138,0.151,0.0,0.0515,126.185,4,spotify:track:1rERmGg7Aywj0Wbv9uVDvV
NCT 127,NCT #127 Neo Zone - The 2nd Album,album,2020-03-06,13,spotify:album:5YOvg682zFOleCiSndLnZr,love song,215160,False,10,51,0.664,0.652,0.783,1,-3.271,1,0.143,0.048,0.0,0.0866,129.843,4,spotify:track:7xH1V8qRKEOCCqIJBvlTva
NCT 127,NCT #127 Neo Zone - The 2nd Album,album,2020-03-06,13,spotify:album:5YOvg682zFOleCiSndLnZr,white night,243426,False,11,44,0.214,0.56,0.568,7,-3.967,0,0.0288,0.203,0.0,0.13,70.978,4,spotify:track:33txTXgQioQ5eaXc7yWd67
NCT 127,NCT #127 Neo Zone - The 2nd Album,album,2020-03-06,13,spotify:album:5YOvg682zFOleCiSndLnZr,not alone,225173,False,12,45,0.427,0.761,0.574,9,-5.229,1,0.0332,0.627,9e-06,0.125,126.994,4,spotify:track:5N48rfOMFf2XkHpqPoAqzW
NCT 127,NCT #127 Neo Zone - The 2nd Album,album,2020-03-06,13,spotify:album:5YOvg682zFOleCiSndLnZr,dreams come true,225560,False,13,43,0.38,0.552,0.668,6,-4.345,0,0.0477,0.145,0.0,0.145,97.964,4,spotify:track:4wmrFwPfSRYzC2buKIqal3
NCT 127,NEO CITY : SEOUL– The Origin – The 1st Live Album,album,2019-10-24,25,spotify:album:5tS5Lpx9RSoJCoPPUuEnwy,cherry bomb - live,351320,False,1,30,0.437,0.552,0.937,6,-5.155,0,0.336,0.00105,0.000754,0.895,78.008,4,spotify:track:71BHcpB7pR6G65OczAlz0l
NCT 127,NEO CITY : SEOUL– The Origin – The 1st Live Album,album,2019-10-24,25,spotify:album:5tS5Lpx9RSoJCoPPUuEnwy,come back - live,208586,False,2,25,0.421,0.678,0.925,0,-4.318,1,0.173,0.0512,0.0,0.849,112.057,4,spotify:track:3MLrTJDW274WTiJOj5Ibhy
NCT 127,NEO CITY : SEOUL– The Origin – The 1st Live Album,album,2019-10-24,25,spotify:album:5tS5Lpx9RSoJCoPPUuEnwy,limitless - live,278960,False,3,29,0.386,0.538,0.882,0,-5.079,1,0.0668,0.00715,1.4e-05,0.741,78.538,4,spotify:track:3ei0DFv0K3sEf67lKwKeAf
NCT 127,NEO CITY : SEOUL– The Origin – The 1st Live Album,album,2019-10-24,25,spotify:album:5tS5Lpx9RSoJCoPPUuEnwy,"chain - korean version, live",273906,False,4,25,0.533,0.638,0.966,10,-3.877,0,0.0972,0.0231,3.23e-05,0.751,140.013,4,spotify:track:1tnKA5JirpCnjKvcDDrKWR
NCT 127,NEO CITY : SEOUL– The Origin – The 1st Live Album,album,2019-10-24,25,spotify:album:5tS5Lpx9RSoJCoPPUuEnwy,fly away with me - live,209546,False,5,26,0.308,0.499,0.813,5,-5.396,0,0.0455,0.0351,1.23e-05,0.625,88.915,4,spotify:track:3ieV4TxCBT7lo66j3IF1v4
NCT 127,NEO CITY : SEOUL– The Origin – The 1st Live Album,album,2019-10-24,25,spotify:album:5tS5Lpx9RSoJCoPPUuEnwy,back 2 u (am 01:27) - live,238573,False,6,37,0.3,0.611,0.821,10,-5.093,1,0.0856,0.558,0.0,0.529,105.045,4,spotify:track:0HDlGfIAelHpZTkvSSGiVR
NCT 127,NEO CITY : SEOUL– The Origin – The 1st Live Album,album,2019-10-24,25,spotify:album:5tS5Lpx9RSoJCoPPUuEnwy,city 127 - live,176506,False,7,26,0.61,0.664,0.622,10,-5.05,1,0.0305,0.24,0.0,0.295,98.069,4,spotify:track:5BLeVIts8ZKiDLUI1UuUI9
NCT 127,NEO CITY : SEOUL– The Origin – The 1st Live Album,album,2019-10-24,25,spotify:album:5tS5Lpx9RSoJCoPPUuEnwy,angel - live,284053,False,8,27,0.414,0.659,0.783,1,-6.988,0,0.111,0.65,0.0,0.847,104.968,4,spotify:track:6g7MWckZhUDZAIaYvHN8Xk
NCT 127,NEO CITY : SEOUL– The Origin – The 1st Live Album,album,2019-10-24,25,spotify:album:5tS5Lpx9RSoJCoPPUuEnwy,sun & moon - live,159306,False,9,29,0.334,0.558,0.52,1,-9.621,1,0.0649,0.556,8.78e-05,0.677,98.844,4,spotify:track:7EMTZ6WtKoSetlTI4s5jsh
NCT 127,NEO CITY : SEOUL– The Origin – The 1st Live Album,album,2019-10-24,25,spotify:album:5tS5Lpx9RSoJCoPPUuEnwy,timeless - live,252040,False,10,28,0.169,0.524,0.492,1,-5.362,1,0.0293,0.495,0.0,0.385,127.891,4,spotify:track:5tBS1ztKBw7PT3CQS47w1x
NCT 127,NEO CITY : SEOUL– The Origin – The 1st Live Album,album,2019-10-24,25,spotify:album:5tS5Lpx9RSoJCoPPUuEnwy,no longer - live,297278,False,11,36,0.258,0.415,0.384,1,-6.251,1,0.0332,0.744,0.0,0.237,160.003,4,spotify:track:2bab6nwB33Enj7wUYVPu3m
NCT 127,NEO CITY : SEOUL– The Origin – The 1st Live Album,album,2019-10-24,25,spotify:album:5tS5Lpx9RSoJCoPPUuEnwy,interlude: regular to irregular - live,187453,False,1,22,0.0692,0.23,0.435,0,-11.401,1,0.0484,0.192,0.808,0.625,140.277,5,spotify:track:6kByeT25uCjpDsvtczGDF2
NCT 127,NEO CITY : SEOUL– The Origin – The 1st Live Album,album,2019-10-24,25,spotify:album:5tS5Lpx9RSoJCoPPUuEnwy,"regular - korean version, live",247506,False,2,26,0.641,0.674,0.9,2,-5.767,1,0.134,0.267,0.0,0.618,133.955,4,spotify:track:64MUY6Qk2EErCJu7h0LT7J
NCT 127,NEO CITY : SEOUL– The Origin – The 1st Live Album,album,2019-10-24,25,spotify:album:5tS5Lpx9RSoJCoPPUuEnwy,wake up - live,242465,False,3,23,0.449,0.665,0.906,10,-5.704,0,0.0872,0.0226,0.0145,0.743,139.935,4,spotify:track:3MLSLZ8vEYNOBQfFgZ6quF
NCT 127,NEO CITY : SEOUL– The Origin – The 1st Live Album,album,2019-10-24,25,spotify:album:5tS5Lpx9RSoJCoPPUuEnwy,baby don’t like it - live,175413,False,4,30,0.25,0.642,0.661,5,-6.724,0,0.0595,0.121,9.84e-06,0.705,96.847,4,spotify:track:0V0HWYC9ZO269cOXTgPbB6
NCT 127,NEO CITY : SEOUL– The Origin – The 1st Live Album,album,2019-10-24,25,spotify:album:5tS5Lpx9RSoJCoPPUuEnwy,mad city - live,225546,False,5,28,0.331,0.702,0.939,0,-5.36,1,0.15,0.185,0.0,0.421,105.02,4,spotify:track:1Pny7YmkEUa0sIt81gICfy
NCT 127,NEO CITY : SEOUL– The Origin – The 1st Live Album,album,2019-10-24,25,spotify:album:5tS5Lpx9RSoJCoPPUuEnwy,good thing - live,231346,False,6,24,0.582,0.441,0.846,0,-4.057,1,0.0758,0.242,0.0,0.854,102.25,1,spotify:track:75XVxnwvvyxb2PMnDEgBEP
NCT 127,NEO CITY : SEOUL– The Origin – The 1st Live Album,album,2019-10-24,25,spotify:album:5tS5Lpx9RSoJCoPPUuEnwy,touch - live,200200,False,7,28,0.587,0.575,0.883,1,-4.658,1,0.0843,0.057,0.0,0.934,93.013,4,spotify:track:6ejba4BypjeVSs5VfDW8w2
NCT 127,NEO CITY : SEOUL– The Origin – The 1st Live Album,album,2019-10-24,25,spotify:album:5tS5Lpx9RSoJCoPPUuEnwy,heartbreaker - live,196893,False,8,25,0.741,0.53,0.887,0,-4.082,1,0.111,0.261,0.0,0.913,154.863,4,spotify:track:099R8xE6ktrWXaxPQtvnHV
NCT 127,NEO CITY : SEOUL– The Origin – The 1st Live Album,album,2019-10-24,25,spotify:album:5tS5Lpx9RSoJCoPPUuEnwy,replay (pm 01:27) - live,214333,False,9,25,0.213,0.631,0.766,8,-5.826,1,0.059,0.18,4.61e-05,0.179,124.962,4,spotify:track:3DNrbDrQf01vTNRrtDCD7Q
NCT 127,NEO CITY : SEOUL– The Origin – The 1st Live Album,album,2019-10-24,25,spotify:album:5tS5Lpx9RSoJCoPPUuEnwy,fire truck - live,161053,False,10,27,0.337,0.729,0.933,0,-4.968,1,0.0646,0.0627,0.0,0.634,119.855,4,spotify:track:1Uwimd5ZdbS637jflmQAwA
NCT 127,NEO CITY : SEOUL– The Origin – The 1st Live Album,album,2019-10-24,25,spotify:album:5tS5Lpx9RSoJCoPPUuEnwy,simon says - live,203186,False,11,27,0.459,0.584,0.941,9,-4.372,1,0.381,0.283,0.0,0.541,151.926,4,spotify:track:3fmyacJEKuPiush8OaJ6m8
NCT 127,NEO CITY : SEOUL– The Origin – The 1st Live Album,album,2019-10-24,25,spotify:album:5tS5Lpx9RSoJCoPPUuEnwy,welcome to my playground - live,240053,False,12,29,0.533,0.67,0.773,5,-4.639,1,0.103,0.459,0.0,0.635,94.032,4,spotify:track:0vQp6vS75JZSZoHAOrom93
NCT 127,NEO CITY : SEOUL– The Origin – The 1st Live Album,album,2019-10-24,25,spotify:album:5tS5Lpx9RSoJCoPPUuEnwy,summer 127 - live,235693,False,13,29,0.418,0.685,0.933,6,-3.381,0,0.0767,0.126,0.0,0.479,124.989,4,spotify:track:0CKcH89qAZQaa2JzaV4qyM
NCT 127,NEO CITY : SEOUL– The Origin – The 1st Live Album,album,2019-10-24,25,spotify:album:5tS5Lpx9RSoJCoPPUuEnwy,0 mile - live,207345,False,14,25,0.842,0.678,0.946,9,-5.219,0,0.0424,0.055,0.0,0.878,117.998,4,spotify:track:1QucGFmMGpEv2N2h7l6foo
NCT 127,NCT #127 WE ARE SUPERHUMAN - The 4th Mini Album,album,2019-05-24,6,spotify:album:3Xv60ja2pLxH3Wk0x0JIWT,highway to heaven,200573,False,1,49,0.536,0.642,0.729,6,-5.005,1,0.056,0.0297,0.0,0.102,112.966,4,spotify:track:38dC0QJ7eBKb3F27O0i0LT
NCT 127,NCT #127 WE ARE SUPERHUMAN - The 4th Mini Album,album,2019-05-24,6,spotify:album:3Xv60ja2pLxH3Wk0x0JIWT,superhuman,237853,False,2,55,0.609,0.679,0.797,2,-4.627,1,0.338,0.0438,0.0,0.0748,117.018,4,spotify:track:4baWaXmm0BFFT3Qe3uSvs9
NCT 127,NCT #127 WE ARE SUPERHUMAN - The 4th Mini Album,album,2019-05-24,6,spotify:album:3Xv60ja2pLxH3Wk0x0JIWT,fool,161240,False,3,46,0.95,0.774,0.772,10,-6.59,1,0.061,0.0341,4.34e-05,0.0398,114.916,4,spotify:track:7GfBzU8xvxEEu4K1x06z4Z
NCT 127,NCT #127 WE ARE SUPERHUMAN - The 4th Mini Album,album,2019-05-24,6,spotify:album:3Xv60ja2pLxH3Wk0x0JIWT,jet lag,195906,False,4,43,0.487,0.391,0.552,8,-6.697,1,0.0937,0.504,0.0,0.212,190.763,4,spotify:track:1U0gJQyrJE4h3EWyHeJ2UK
NCT 127,NCT #127 WE ARE SUPERHUMAN - The 4th Mini Album,album,2019-05-24,6,spotify:album:3Xv60ja2pLxH3Wk0x0JIWT,paper plane,224013,False,5,35,0.786,0.667,0.665,7,-7.627,1,0.057,0.0264,4.12e-06,0.18,120.04,4,spotify:track:1nLXkN8dngZTzhEsxGpBVd
NCT 127,NCT #127 WE ARE SUPERHUMAN - The 4th Mini Album,album,2019-05-24,6,spotify:album:3Xv60ja2pLxH3Wk0x0JIWT,outro: we are 127,87320,False,6,30,0.51,0.59,0.563,11,-12.253,0,0.463,0.0749,0.174,0.251,75.128,4,spotify:track:7FNCi3ROV00ASOPIvYN34t
NCT 127,Awaken,album,2019-04-17,12,spotify:album:1eneZzXf46fUJPBeOgjSx8,lips,185798,False,1,24,0.381,0.853,0.723,7,-5.79,1,0.0622,0.0166,0.0,0.0908,101.035,4,spotify:track:6hhhHpEscqlIVyDWncbqUl
NCT 127,Awaken,album,2019-04-17,12,spotify:album:1eneZzXf46fUJPBeOgjSx8,wakey-wakey,182385,False,2,27,0.629,0.71,0.743,10,-4.877,0,0.0494,0.0529,0.0,0.293,140.057,4,spotify:track:304px13jll5AIVxIU0IzuO
NCT 127,Awaken,album,2019-04-17,12,spotify:album:1eneZzXf46fUJPBeOgjSx8,blow my mind,227598,False,6,22,0.461,0.841,0.759,6,-4.075,0,0.0405,0.067,0.0,0.179,108.011,4,spotify:track:78x0lbRvf907dicKMHbN4F
NCT 127,Awaken,album,2019-04-17,12,spotify:album:1eneZzXf46fUJPBeOgjSx8,limitless - japanese version,247745,False,7,16,0.468,0.616,0.78,7,-5.825,0,0.124,0.00851,0.0,0.037,156.886,4,spotify:track:1UPouauOU3RdBWFvDtKe3c
NCT 127,Awaken,album,2019-04-17,12,spotify:album:1eneZzXf46fUJPBeOgjSx8,long slow distance,264945,False,8,29,0.214,0.537,0.446,0,-6.572,1,0.0277,0.398,0.0,0.122,131.96,4,spotify:track:4JYsIvlneP0nl9dGCDZtAp
NCT 127,Awaken,album,2019-04-17,12,spotify:album:1eneZzXf46fUJPBeOgjSx8,kitchen beat,209398,False,9,20,0.56,0.763,0.885,1,-5.153,1,0.226,0.0146,0.0,0.134,108.689,3,spotify:track:37Jpl6R1ypHrmZguMPXa62
NCT 127,Awaken,album,2019-04-17,12,spotify:album:1eneZzXf46fUJPBeOgjSx8,fire truck,178565,False,11,14,0.626,0.724,0.976,1,-3.279,1,0.0602,0.116,1.3e-05,0.352,110.006,4,spotify:track:5FHtuwwuAP5lJM8Y9aqcW4
NCT 127,Awaken,album,2019-04-17,12,spotify:album:1eneZzXf46fUJPBeOgjSx8,end to start,209678,False,12,22,0.308,0.742,0.63,10,-5.317,0,0.0374,0.411,0.0,0.0848,107.999,4,spotify:track:26etNMdlWT70ihVEyQZI3m
NCT 127,Awaken,album,2019-04-17,12,spotify:album:5ZZi6WiDmPcTkx2Vx7n61Z,regular - english ver.,219505,False,4,15,0.838,0.736,0.792,9,-4.49,0,0.0938,0.285,8.38e-06,0.277,134.046,4,spotify:track:0USu6QmaYdJSRoAIWxLKI5
NCT 127,Awaken,album,2019-04-17,12,spotify:album:5ZZi6WiDmPcTkx2Vx7n61Z,cherry bomb - korean ver.,236398,False,10,16,0.804,0.719,0.64,6,-4.82,0,0.284,0.000575,4.69e-06,0.0466,78.006,1,spotify:track:2zndLbObJCnY2Ow6ycH4P6
NCT 127,Awaken,album,2019-04-17,12,spotify:album:5ZZi6WiDmPcTkx2Vx7n61Z,fire truck - korean ver.,177972,False,11,18,0.694,0.725,0.97,1,-3.853,1,0.0589,0.11,1.34e-05,0.364,110.016,4,spotify:track:4pA9GsIBQcoPrhekSesw0M
NCT 127,NCT #127 Regulate - The 1st Album Repackage,album,2018-11-23,14,spotify:album:5iJsCigDROOTMgUpJ6ex2S,welcome to my playground,239133,False,4,54,0.599,0.793,0.505,5,-6.593,1,0.159,0.313,0.0,0.0427,94.074,4,spotify:track:56f5GO8ir5ucrcQ00k4a8t
NCT 127,NCT #127 Regulate - The 1st Album Repackage,album,2018-11-23,14,spotify:album:5iJsCigDROOTMgUpJ6ex2S,simon says,199773,False,9,61,0.569,0.653,0.836,9,-6.018,1,0.238,0.218,0.0,0.0507,151.977,4,spotify:track:1zedfw5iu7XzKJT8CupEIP
NCT 127,NCT #127 Regulate - The 1st Album Repackage,album,2018-11-23,14,spotify:album:5iJsCigDROOTMgUpJ6ex2S,chain - korean version,223600,False,12,38,0.756,0.691,0.921,5,-3.638,0,0.075,0.0505,0.0,0.273,139.948,4,spotify:track:4yzHOucbzNABkX4yb5USVl
NCT 127,NCT #127 Regular-Irregular - The 1st Album,album,2018-10-12,11,spotify:album:4oU5Tp952fPL7z2Bax4JmU,city 127,199186,False,1,46,0.492,0.758,0.614,10,-5.263,1,0.028,0.159,0.0,0.381,97.982,4,spotify:track:0UEknUD00qJuDjljnI1zw9
NCT 127,NCT #127 Regular-Irregular - The 1st Album,album,2018-10-12,11,spotify:album:4oU5Tp952fPL7z2Bax4JmU,regular - korean version,217706,False,2,53,0.878,0.733,0.801,9,-5.339,0,0.0765,0.237,0.0,0.287,133.998,4,spotify:track:2lAxhE5s3x7OS9sfhsgT1F
NCT 127,NCT #127 Regular-Irregular - The 1st Album,album,2018-10-12,11,spotify:album:4oU5Tp952fPL7z2Bax4JmU,replay (pm 01:27),219626,False,3,47,0.3,0.723,0.692,8,-6.684,1,0.059,0.216,4.88e-05,0.13,125.031,4,spotify:track:2nOdZukkmCi4HyAnn4GHuU
NCT 127,NCT #127 Regular-Irregular - The 1st Album,album,2018-10-12,11,spotify:album:4oU5Tp952fPL7z2Bax4JmU,knock on,205946,False,4,46,0.354,0.411,0.466,8,-7.979,1,0.0386,0.219,1.51e-06,0.148,66.536,4,spotify:track:6KAfUGPFo4ve8yxVan2Mgv
NCT 127,NCT #127 Regular-Irregular - The 1st Album,album,2018-10-12,11,spotify:album:4oU5Tp952fPL7z2Bax4JmU,no longer,297746,False,5,57,0.234,0.568,0.352,1,-8.076,1,0.029,0.785,0.0,0.123,79.918,4,spotify:track:629NRMzA7LTXSuzwG7R1Ag
NCT 127,NCT #127 Regular-Irregular - The 1st Album,album,2018-10-12,11,spotify:album:4oU5Tp952fPL7z2Bax4JmU,interlude: regular to irregular,190560,False,6,34,0.0913,0.355,0.286,2,-11.559,0,0.037,0.758,0.149,0.104,101.395,4,spotify:track:1E1TQWUHGkV7bMLBN6fD1t
NCT 127,NCT #127 Regular-Irregular - The 1st Album,album,2018-10-12,11,spotify:album:4oU5Tp952fPL7z2Bax4JmU,my van,206106,False,7,38,0.395,0.723,0.65,6,-6.719,0,0.182,0.0573,0.000521,0.104,136.946,4,spotify:track:5VRRtp5iD5hIZHx1yRxNhY
NCT 127,NCT #127 Regular-Irregular - The 1st Album,album,2018-10-12,11,spotify:album:4oU5Tp952fPL7z2Bax4JmU,fly away with me,212880,False,9,48,0.454,0.665,0.726,5,-5.104,0,0.0458,0.143,0.0,0.0789,88.979,4,spotify:track:4Tyc1oTfGTsuq52SapQWL9
NCT 127,NCT #127 Regular-Irregular - The 1st Album,album,2018-10-12,11,spotify:album:4oU5Tp952fPL7z2Bax4JmU,regular - english version,219106,False,10,62,0.831,0.741,0.747,9,-5.459,0,0.0956,0.263,5.15e-06,0.266,134.039,4,spotify:track:4KqPuyZdcjXuRqXSARnt6r
NCT 127,NCT #127 Regular-Irregular - The 1st Album,album,2018-10-12,11,spotify:album:4oU5Tp952fPL7z2Bax4JmU,run back 2 u - bonus track,219720,False,11,43,0.335,0.685,0.728,1,-6.659,0,0.124,0.0264,0.000415,0.109,139.92,4,spotify:track:3fIJFcqNEqKsfK52y6q1CS
NCT 127,NCT #127 CHERRY BOMB– The 3rd Mini Album,album,2017-06-14,7,spotify:album:7H5FkCA6cTDBX3wtvIbN8s,cherry bomb,236667,False,1,66,0.799,0.713,0.603,6,-4.896,0,0.287,0.000759,5.51e-06,0.0453,78.027,4,spotify:track:3o8QzWsiiqTUVgBZfHgF58
NCT 127,NCT #127 CHERRY BOMB– The 3rd Mini Album,album,2017-06-14,7,spotify:album:7H5FkCA6cTDBX3wtvIbN8s,running 2 u,167882,False,2,45,0.276,0.73,0.716,1,-4.513,1,0.0479,0.0132,5.76e-06,0.0711,95.017,4,spotify:track:1wYgRl89rjPFh1uWCyb9rn
NCT 127,NCT #127 CHERRY BOMB– The 3rd Mini Album,album,2017-06-14,7,spotify:album:7H5FkCA6cTDBX3wtvIbN8s,0 mile,203721,False,3,50,0.849,0.652,0.915,2,-4.126,0,0.0452,0.0111,2.52e-05,0.26,118.012,4,spotify:track:7BR3N1IbXTjEJffLd8aics
NCT 127,NCT #127 CHERRY BOMB– The 3rd Mini Album,album,2017-06-14,7,spotify:album:7H5FkCA6cTDBX3wtvIbN8s,sun&moon,187720,False,4,51,0.23,0.507,0.605,1,-7.247,1,0.125,0.522,2.54e-06,0.109,98.464,4,spotify:track:4jhUqSKsWZoVOc778NsFU1
NCT 127,NCT #127 CHERRY BOMB– The 3rd Mini Album,album,2017-06-14,7,spotify:album:7H5FkCA6cTDBX3wtvIbN8s,whiplash,201658,False,5,56,0.76,0.815,0.767,1,-6.119,0,0.182,0.0318,0.0,0.19,99.984,4,spotify:track:2iPxDFeN27VrKgGdZ0AIKw
NCT 127,NCT #127 CHERRY BOMB– The 3rd Mini Album,album,2017-06-14,7,spotify:album:7H5FkCA6cTDBX3wtvIbN8s,summer 127,217697,False,6,53,0.419,0.741,0.914,6,-3.975,0,0.0403,0.0862,0.0,0.0933,125.003,4,spotify:track:7tQTOyhv9BAjKoMoegHncb
NCT 127,NCT #127 CHERRY BOMB– The 3rd Mini Album,album,2017-06-14,7,spotify:album:7H5FkCA6cTDBX3wtvIbN8s,cherry bomb - performance version,261261,False,7,44,0.779,0.713,0.623,6,-4.927,0,0.199,0.000597,4.57e-06,0.0474,78.007,1,spotify:track:3k4QR6cWUysRm5NKQfCsNz
NCT 127,NCT #127 - The 1st Mini Album,album,2016-07-10,7,spotify:album:7xmqXxPAmkgn5HK9FcyBxR,소방차 fire truck,178565,False,1,58,0.626,0.724,0.976,1,-3.279,1,0.0602,0.116,1.3e-05,0.352,110.006,4,spotify:track:5hHlmrSV6d9LFMsDA1lamE
NCT 127,NCT #127 - The 1st Mini Album,album,2016-07-10,7,spotify:album:7xmqXxPAmkgn5HK9FcyBxR,once again 여름 방학,189774,False,2,43,0.806,0.598,0.793,4,-3.871,1,0.0729,0.0756,0.0,0.324,94.042,4,spotify:track:1jk8Z2HnpDQunRqnSv1Xb8
NCT 127,NCT #127 - The 1st Mini Album,album,2016-07-10,7,spotify:album:7xmqXxPAmkgn5HK9FcyBxR,wake up,176866,False,3,43,0.575,0.702,0.871,10,-5.119,0,0.0704,0.0127,0.00154,0.0544,139.974,4,spotify:track:3EgNPij7HcxJgJ3aNNzYY9
NCT 127,NCT #127 - The 1st Mini Album,album,2016-07-10,7,spotify:album:7xmqXxPAmkgn5HK9FcyBxR,another world,211265,False,4,45,0.895,0.723,0.872,11,-3.966,1,0.105,0.0236,0.0,0.18,139.97,4,spotify:track:0TAIY8iBdjQSl51GIASlPo
NCT 127,NCT #127 - The 1st Mini Album,album,2016-07-10,7,spotify:album:7xmqXxPAmkgn5HK9FcyBxR,paradise,206576,False,5,53,0.547,0.698,0.607,5,-6.116,1,0.0291,0.652,0.0,0.0651,99.974,4,spotify:track:5oIDaqiY76DAYWjF6NmTtU
NCT 127,NCT #127 - The 1st Mini Album,album,2016-07-10,7,spotify:album:7xmqXxPAmkgn5HK9FcyBxR,mad city,198774,False,6,51,0.443,0.819,0.913,7,-3.791,1,0.199,0.368,0.0,0.253,104.958,4,spotify:track:4Kut5Rhbp0nWo63xxPCWud
NCT 127,NCT #127 - The 1st Mini Album,album,2016-07-10,7,spotify:album:7xmqXxPAmkgn5HK9FcyBxR,switch - bonus track,184670,False,7,44,0.421,0.871,0.65,1,-4.829,1,0.0605,0.104,0.0,0.0867,112.046,4,spotify:track:2xL2yWZsd3cvEk4heGkctC
NCT 127,iScreaM Vol.13 : Sticker Remixes,single,2021-12-30,2,spotify:album:0p4f9Nw20DLlu1cWzrToB8,sticker - will not fear remix,204615,False,1,32,0.517,0.561,0.957,2,-2.324,1,0.0724,0.00871,8.55e-05,0.237,156.046,4,spotify:track:1X4hW7NBxflvlNPlJnN6vQ
NCT 127,iScreaM Vol.13 : Sticker Remixes,single,2021-12-30,2,spotify:album:0p4f9Nw20DLlu1cWzrToB8,sticker - lodge boy remix,252307,False,2,23,0.371,0.595,0.908,10,-3.084,1,0.0822,0.00336,2.98e-05,0.353,156.0,4,spotify:track:1AYfUDiIphrlkw8rCKXW9T
NCT 127,Amino Acid (Analog Trip NCT 127 Original Soundtrack),single,2021-12-17,1,spotify:album:4x2Lil36ZYq17nesSCdyRg,amino acid (analog trip nct 127 original soundtrack),213240,False,1,47,0.482,0.726,0.82,7,-4.298,1,0.148,0.0934,0.0,0.329,80.011,4,spotify:track:2nTOxvZN10Jm0BtDJkBcSK
NCT 127,"Freeze (KARTRIDER X LINE FRIENDS [Original Game Soundtrack], Pt. 1)",single,2021-11-03,1,spotify:album:3XrSErc5uByu9CygnAaGgY,"freeze (kartrider x line friends [original game soundtrack], pt. 1)",178353,False,1,46,0.253,0.647,0.73,7,-5.551,0,0.0307,0.00702,0.0,0.117,95.98,4,spotify:track:3qIuTjIdhQq8fEiYCQXcUl
NCT 127,Save,single,2021-06-04,1,spotify:album:7HrXypd91EpZ4QswijHnhQ,save,201960,False,1,52,0.725,0.702,0.688,1,-4.265,1,0.0898,0.00669,2.58e-06,0.578,125.95,4,spotify:track:0nW8KgIzm3Q6DCLHUtEHDh
NCT 127,LOVEHOLIC,single,2021-02-17,6,spotify:album:3JaPVxuCzsEEyRWP1K1Ya2,gimme gimme,219732,False,1,36,0.611,0.612,0.846,0,-2.371,1,0.0391,0.107,0.0,0.686,126.041,4,spotify:track:3nhtrKvw3YCR3JUidc7gRm
NCT 127,LOVEHOLIC,single,2021-02-17,6,spotify:album:3JaPVxuCzsEEyRWP1K1Ya2,lipstick,213212,False,2,27,0.787,0.699,0.902,0,-3.53,0,0.0589,0.0531,0.0,0.14,139.819,4,spotify:track:6DEvgsHcZRz9RPmezRgUdU
NCT 127,LOVEHOLIC,single,2021-02-17,6,spotify:album:3JaPVxuCzsEEyRWP1K1Ya2,first love,180772,False,3,35,0.79,0.602,0.7,1,-3.055,1,0.0905,0.0574,0.0,0.0562,102.824,4,spotify:track:1o4e6pEBnV6uQ6WohtWpgW
NCT 127,LOVEHOLIC,single,2021-02-17,6,spotify:album:3JaPVxuCzsEEyRWP1K1Ya2,chica bom bom,200025,False,4,30,0.642,0.756,0.889,6,-3.5,1,0.0513,0.0986,0.0,0.342,109.976,4,spotify:track:0j4s4T7WzU7tdZfG9UAboj
NCT 127,LOVEHOLIC,single,2021-02-17,6,spotify:album:3JaPVxuCzsEEyRWP1K1Ya2,kick it,233013,False,5,18,0.506,0.681,0.847,7,-2.462,1,0.0867,0.0306,0.0,0.0808,167.036,4,spotify:track:4iEKaEDYIU425Ogvf31uJa
NCT 127,LOVEHOLIC,single,2021-02-17,6,spotify:album:3JaPVxuCzsEEyRWP1K1Ya2,right now,193985,False,6,26,0.587,0.674,0.719,8,-5.733,1,0.049,0.188,0.0,0.203,102.039,4,spotify:track:0F2F8aHxXg9bVoYA1WskOt
NCT 127,LOVEHOLIC,single,2021-02-17,6,spotify:album:0k5S0L54m5ga5YDEXt2WJ6,英雄; kick it,233225,False,5,32,0.462,0.465,0.834,7,-2.419,1,0.177,0.0313,0.0,0.0894,167.008,4,spotify:track:5HjK06wlDrkTvBZX2Ns15S
NCT 127,iScreaM Vol.1 : Kick It Remixes,single,2020-05-08,3,spotify:album:19kdYfU8fFSKwXd5EZwNr5,kick it - valentino khan remix,189700,False,1,35,0.674,0.684,0.976,7,-2.067,1,0.176,0.0138,1.29e-06,0.192,83.511,4,spotify:track:7sJICRUS1spg6HO7v59vZo
NCT 127,iScreaM Vol.1 : Kick It Remixes,single,2020-05-08,3,spotify:album:19kdYfU8fFSKwXd5EZwNr5,kick it - minimonster remix,227437,False,2,22,0.248,0.541,0.914,2,-1.902,1,0.0617,0.000423,0.0,0.18,160.014,4,spotify:track:11hwQ1r64YgjOtyhsgqITx
NCT 127,iScreaM Vol.1 : Kick It Remixes,single,2020-05-08,3,spotify:album:19kdYfU8fFSKwXd5EZwNr5,kick it - hitchhiker remix,190160,False,3,25,0.642,0.699,0.934,1,-2.131,1,0.25,0.0817,9.29e-05,0.661,167.003,4,spotify:track:1byqSrJw0DWBX6QVB7zyGo
NCT 127,Highway to Heaven (English Version),single,2019-07-18,1,spotify:album:4et1GgNRTOx3xpK81Z0iOn,highway to heaven - english version,200573,False,1,55,0.497,0.676,0.74,6,-5.044,1,0.0494,0.00257,1.59e-05,0.0782,112.839,4,spotify:track:3WNuXdBxk8tQ2VI020dqvE
NCT 127,NCT #127 WE ARE SUPERHUMAN - The 4th Mini Album,single,2019-05-24,6,spotify:album:15DNWLVXy5ES2USQ1PFnF5,outro : we are 127,87320,False,6,33,0.51,0.59,0.563,11,-12.253,0,0.463,0.0749,0.174,0.251,75.128,4,spotify:track:4c1SgHz2mVy8zKPshZYuBj
NCT 127,Touch,single,2018-09-16,1,spotify:album:4aNl71n4PipZUBPRulx2HT,touch - japanese version,189077,False,1,7,0.668,0.603,0.833,8,-4.386,1,0.102,0.0319,0.0,0.322,93.065,4,spotify:track:2p7drPsMKTfaa98prwm1b3
NCT 127,Touch,single,2018-09-16,1,spotify:album:6Yk3jSz8BBIcmo5ODurd18,touch,189077,False,1,33,0.665,0.604,0.837,8,-4.392,1,0.105,0.0334,0.0,0.383,93.015,4,spotify:track:1udFymcgfvzJC0d7mDOidD
NCT 127,Chain,single,2018-05-23,5,spotify:album:63sTGIOG5yT6YpVwKMl21I,dreaming,197400,False,1,37,0.515,0.825,0.736,1,-5.945,1,0.114,0.0397,0.0,0.0956,98.433,4,spotify:track:7nPICAlUpDGYLx8IW1rSBe
NCT 127,Chain,single,2018-05-23,5,spotify:album:63sTGIOG5yT6YpVwKMl21I,chain,222146,False,2,49,0.74,0.6,0.961,10,-1.674,0,0.114,0.117,0.0,0.477,140.056,4,spotify:track:3u34tP62fx4FI4IbqmgiGe
NCT 127,Chain,single,2018-05-23,5,spotify:album:63sTGIOG5yT6YpVwKMl21I,limitless,247613,False,3,41,0.516,0.611,0.763,7,-5.847,1,0.0882,0.00945,0.0,0.0405,157.001,4,spotify:track:0LBtRWOCpPRGw6YD8Pglx9
NCT 127,Chain,single,2018-05-23,5,spotify:album:63sTGIOG5yT6YpVwKMl21I,come back,205306,False,4,34,0.608,0.719,0.85,4,-4.827,0,0.197,0.0207,0.0,0.0981,112.0,4,spotify:track:0a7vVVj1PB6Qo8Q5k4CSkf
NCT 127,Chain,single,2018-05-23,5,spotify:album:63sTGIOG5yT6YpVwKMl21I,100,222573,False,5,36,0.717,0.504,0.848,2,-4.512,0,0.141,0.375,0.0,0.153,89.851,4,spotify:track:4EsLOw2p6hm4dsLoGOEkSg
NCT 127,NCT#127 LIMITLESS - The 2nd Mini Album,single,2017-01-06,6,spotify:album:4EEfpF1qcPAl1J4Z770A2U,無限的我 무한적아; limitless,247467,False,1,59,0.538,0.614,0.747,5,-5.655,0,0.0743,0.00934,0.0,0.0337,78.216,4,spotify:track:6m96zMB8BrLrpyT7NvApxB
NCT 127,NCT#127 LIMITLESS - The 2nd Mini Album,single,2017-01-06,6,spotify:album:4EEfpF1qcPAl1J4Z770A2U,good thing,220369,False,2,49,0.766,0.743,0.8,0,-3.611,1,0.0389,0.057,2.11e-05,0.0986,109.965,4,spotify:track:0mwCLKphlE8pzj6HKCWOlU
NCT 127,NCT#127 LIMITLESS - The 2nd Mini Album,single,2017-01-06,6,spotify:album:4EEfpF1qcPAl1J4Z770A2U,back 2 u (am 01:27),235192,False,3,60,0.375,0.648,0.754,7,-6.266,0,0.0658,0.548,0.0,0.145,105.034,4,spotify:track:37SqctQhMp3MjvGDXKhnJ3
NCT 127,NCT#127 LIMITLESS - The 2nd Mini Album,single,2017-01-06,6,spotify:album:4EEfpF1qcPAl1J4Z770A2U,롤러코스터 heartbreaker,194854,False,4,48,0.687,0.497,0.893,0,-3.864,1,0.0928,0.162,0.0,0.176,154.809,4,spotify:track:5IhVzUL9qR7MW2ISpB6iYR
NCT 127,NCT#127 LIMITLESS - The 2nd Mini Album,single,2017-01-06,6,spotify:album:4EEfpF1qcPAl1J4Z770A2U,baby don’t like it 나쁜 짓,158919,False,5,61,0.374,0.699,0.555,5,-5.259,0,0.195,0.131,0.0,0.113,96.711,4,spotify:track:7I2nbddpDYsAe6e4biIxEO
NCT 127,NCT#127 LIMITLESS - The 2nd Mini Album,single,2017-01-06,6,spotify:album:4EEfpF1qcPAl1J4Z770A2U,angel,249630,False,6,53,0.673,0.785,0.624,11,-6.488,1,0.0778,0.275,0.0,0.335,105.056,4,spotify:track:4kpRzag7QtFfLRUUy9SB9W
NCT U,Universe - The 3rd Album,album,2021-12-14,13,spotify:album:7woFc7Z4JMbLFjvlIoCCQB,new axis,131946,False,1,44,0.541,0.941,0.786,10,-2.894,0,0.188,0.0918,0.0,0.143,120.04,4,spotify:track:2VUZziJusn2sBa1iMn9YGn
NCT U,Universe - The 3rd Album,album,2021-12-14,13,spotify:album:7woFc7Z4JMbLFjvlIoCCQB,earthquake,208213,False,3,42,0.465,0.558,0.835,2,-2.364,1,0.0623,0.157,0.0,0.23,149.967,4,spotify:track:3RNHlcwIRw9xMS9gcSz65P
NCT U,Universe - The 3rd Album,album,2021-12-14,13,spotify:album:7woFc7Z4JMbLFjvlIoCCQB,ok!,229000,False,4,55,0.713,0.757,0.775,10,-3.442,0,0.121,0.0305,0.0,0.0999,140.97,4,spotify:track:5d2mc1dOSOLw25fJ7WH5fl
NCT U,Universe - The 3rd Album,album,2021-12-14,13,spotify:album:7woFc7Z4JMbLFjvlIoCCQB,birthday party,198626,False,5,41,0.582,0.826,0.747,0,-3.923,1,0.0538,0.00763,0.0,0.0228,134.941,4,spotify:track:3FCDv2uvzQ7yEwusRn5k7L
NCT U,Universe - The 3rd Album,album,2021-12-14,13,spotify:album:7woFc7Z4JMbLFjvlIoCCQB,know now,228693,False,6,40,0.577,0.811,0.782,0,-2.968,1,0.0642,0.269,0.0,0.413,97.993,4,spotify:track:2AOL06oTgW0urXw9MHSWLk
NCT U,Universe - The 3rd Album,album,2021-12-14,13,spotify:album:7woFc7Z4JMbLFjvlIoCCQB,dreaming,190480,False,7,46,0.471,0.529,0.81,3,-3.572,0,0.0423,0.323,0.0,0.173,114.416,4,spotify:track:79IikGOqOg2Rnnz0Fo5Qao
NCT U,Universe - The 3rd Album,album,2021-12-14,13,spotify:album:7woFc7Z4JMbLFjvlIoCCQB,round&round,203173,False,8,46,0.387,0.629,0.729,2,-3.327,0,0.0424,0.317,0.0,0.126,140.021,4,spotify:track:39Z2mZBU3dRBIMro4669uo
NCT U,Universe - The 3rd Album,album,2021-12-14,13,spotify:album:7woFc7Z4JMbLFjvlIoCCQB,miracle,190333,False,9,48,0.815,0.746,0.774,5,-3.39,0,0.0379,0.137,0.0,0.102,98.007,4,spotify:track:6zjJo0D4AsE9ZcogcfA687
NCT U,Universe - The 3rd Album,album,2021-12-14,13,spotify:album:7woFc7Z4JMbLFjvlIoCCQB,vroom,225666,False,10,36,0.575,0.758,0.691,0,-4.687,1,0.0453,0.262,0.0,0.127,90.011,4,spotify:track:6oKDzt25zkGZmBhqVnNHYs
NCT U,Universe - The 3rd Album,album,2021-12-14,13,spotify:album:7woFc7Z4JMbLFjvlIoCCQB,sweet dream,212280,False,11,43,0.627,0.596,0.82,5,-3.185,1,0.0592,0.432,0.0,0.138,150.063,4,spotify:track:4nTQpS5krRfyaAKHAGicaD
NCT U,Universe - The 3rd Album,album,2021-12-14,13,spotify:album:7woFc7Z4JMbLFjvlIoCCQB,good night,238200,False,12,40,0.283,0.392,0.394,1,-8.075,1,0.0335,0.723,0.0,0.156,164.824,4,spotify:track:5nwpVRL7r1lHf09Nitm9d0
NCT U,Universe - The 3rd Album,album,2021-12-14,13,spotify:album:7woFc7Z4JMbLFjvlIoCCQB,beautiful,261186,False,13,49,0.713,0.652,0.916,1,-1.511,1,0.034,0.429,0.0,0.124,127.97,4,spotify:track:6NBbpQfD2MZcCNBOy7iE7Q
NCT U,NCT RESONANCE Pt. 2 - The 2nd Album,album,2020-11-23,21,spotify:album:5Dq6jkYO5H7KzxXSazhLxs,90's love,213666,False,1,54,0.702,0.743,0.924,1,-1.501,0,0.0642,0.0688,0.0,0.112,107.995,4,spotify:track:64EDGnUytmCV7TfOo67810
NCT U,NCT RESONANCE Pt. 2 - The 2nd Album,album,2020-11-23,21,spotify:album:5Dq6jkYO5H7KzxXSazhLxs,raise the roof,192213,False,3,39,0.517,0.731,0.827,11,-5.067,1,0.0555,0.0611,0.0,0.143,109.973,4,spotify:track:0nVB0wUKBJiIMKGagDE3NU
NCT U,NCT RESONANCE Pt. 2 - The 2nd Album,album,2020-11-23,21,spotify:album:5Dq6jkYO5H7KzxXSazhLxs,my everything,221240,False,7,44,0.466,0.605,0.321,7,-7.742,1,0.0288,0.869,0.0,0.101,71.981,3,spotify:track:7IXi8qEDc9oASO5LTx19nT
NCT U,NCT RESONANCE Pt. 2 - The 2nd Album,album,2020-11-23,21,spotify:album:5Dq6jkYO5H7KzxXSazhLxs,interlude: present to future,81240,False,17,25,0.0615,0.503,0.952,8,-3.982,1,0.127,0.000376,0.0426,0.12,100.05,4,spotify:track:0qoPCrSi4xaZhJptyszCSm
NCT U,NCT RESONANCE Pt. 2 - The 2nd Album,album,2020-11-23,21,spotify:album:5Dq6jkYO5H7KzxXSazhLxs,work it,175360,False,18,42,0.49,0.789,0.87,7,-2.312,0,0.0458,0.0146,0.000181,0.121,122.992,4,spotify:track:59ROWrMYu3Aze3zc2kRnJH
NCT U,NCT RESONANCE Pt. 2 - The 2nd Album,album,2020-11-23,21,spotify:album:5Dq6jkYO5H7KzxXSazhLxs,all about you,213586,False,19,35,0.267,0.763,0.538,3,-5.831,1,0.0981,0.444,2.62e-06,0.108,102.116,4,spotify:track:7HBe1V2PjNM4g6KJmdtic5
NCT U,NCT RESONANCE Pt. 2 - The 2nd Album,album,2020-11-23,21,spotify:album:5Dq6jkYO5H7KzxXSazhLxs,i.o.u,221186,False,20,39,0.398,0.572,0.785,4,-3.968,1,0.0413,0.375,0.0,0.234,125.037,4,spotify:track:0QHrMsLC2i8Cy9FenigFc1
NCT U,NCT RESONANCE Pt. 2 - The 2nd Album,album,2020-11-23,21,spotify:album:5Dq6jkYO5H7KzxXSazhLxs,outro: dream routine,50346,False,21,26,0.199,0.618,0.951,10,-2.72,0,0.0561,0.00034,0.571,0.0828,99.945,3,spotify:track:5omsNxeHFxNxZsoVJ4Hysx
NCT U,NCT RESONANCE Pt. 1 - The 2nd Album,album,2020-10-12,13,spotify:album:6kudlOyCqSQfsBVSdPZEu4,make a wish (birthday song),229400,False,1,56,0.693,0.732,0.795,8,-2.263,1,0.1,0.0632,0.0,0.0569,100.954,4,spotify:track:6FdShjf7nA2cqEnpv1tIia
NCT U,NCT RESONANCE Pt. 1 - The 2nd Album,album,2020-10-12,13,spotify:album:6kudlOyCqSQfsBVSdPZEu4,misfit,215853,False,2,46,0.744,0.783,0.984,2,-1.785,1,0.114,0.14,0.0,0.309,105.963,4,spotify:track:4W8cwOcrcDzbWQSWqtKG3g
NCT U,NCT RESONANCE Pt. 1 - The 2nd Album,album,2020-10-12,13,spotify:album:6kudlOyCqSQfsBVSdPZEu4,volcano,228693,False,3,38,0.314,0.855,0.711,9,-5.871,1,0.101,0.0589,8.97e-06,0.105,100.037,4,spotify:track:6hDCyfYxpPdsPufg2ap1RH
NCT U,NCT RESONANCE Pt. 1 - The 2nd Album,album,2020-10-12,13,spotify:album:6kudlOyCqSQfsBVSdPZEu4,light bulb,239386,False,4,34,0.347,0.596,0.829,4,-4.066,0,0.131,0.0732,0.0,0.137,158.013,4,spotify:track:401ceGHOdH7VhxkhyPRoJP
NCT U,NCT RESONANCE Pt. 1 - The 2nd Album,album,2020-10-12,13,spotify:album:6kudlOyCqSQfsBVSdPZEu4,dancing in the rain,215080,False,5,35,0.553,0.734,0.63,1,-5.36,1,0.0976,0.163,0.0,0.227,95.94,4,spotify:track:4O0U5wvdZQduuGr98ZPr3A
NCT U,NCT RESONANCE Pt. 1 - The 2nd Album,album,2020-10-12,13,spotify:album:6kudlOyCqSQfsBVSdPZEu4,interlude: past to present,70866,False,6,30,0.543,0.586,0.699,1,-5.284,1,0.0737,0.0724,0.69,0.371,158.963,4,spotify:track:665wQLynoOWuyeKjbFsqmF
NCT U,NCT RESONANCE Pt. 1 - The 2nd Album,album,2020-10-12,13,spotify:album:6kudlOyCqSQfsBVSdPZEu4,déjà vu,207946,False,7,43,0.419,0.438,0.881,1,-3.451,1,0.179,0.075,0.0,0.121,171.909,4,spotify:track:1fFcWSwHHYdrNlDIJWNT0R
NCT U,NCT RESONANCE Pt. 1 - The 2nd Album,album,2020-10-12,13,spotify:album:6kudlOyCqSQfsBVSdPZEu4,nectar,198680,False,8,47,0.742,0.791,0.821,11,-3.329,0,0.0414,0.214,0.0,0.0828,115.076,4,spotify:track:0yWIL3sx36cPUrsj4w82zL
NCT U,NCT RESONANCE Pt. 1 - The 2nd Album,album,2020-10-12,13,spotify:album:6kudlOyCqSQfsBVSdPZEu4,"music, dance",235506,False,9,37,0.74,0.837,0.806,1,-4.804,0,0.107,0.0139,2.16e-06,0.268,125.007,4,spotify:track:2zlbTHy7epxEemiunGB5Tv
NCT U,NCT RESONANCE Pt. 1 - The 2nd Album,album,2020-10-12,13,spotify:album:6kudlOyCqSQfsBVSdPZEu4,faded in my last song,215826,False,10,47,0.683,0.755,0.828,10,-3.11,0,0.0482,0.15,4.41e-06,0.112,135.002,4,spotify:track:1nPMDcLKWTtGQH98waRTIk
NCT U,NCT RESONANCE Pt. 1 - The 2nd Album,album,2020-10-12,13,spotify:album:6kudlOyCqSQfsBVSdPZEu4,from home,260320,False,11,45,0.457,0.622,0.859,1,-3.034,1,0.0563,0.516,0.0,0.361,131.989,4,spotify:track:3SHcE3vk03KHPKHzvTKs5j
NCT U,NCT RESONANCE Pt. 1 - The 2nd Album,album,2020-10-12,13,spotify:album:6kudlOyCqSQfsBVSdPZEu4,from home - korean version,260333,False,12,27,0.457,0.628,0.854,1,-2.961,1,0.0519,0.518,0.0,0.356,132.02,4,spotify:track:4pHTQ2jSf1Z1SqOgrvhTxw
NCT U,NCT RESONANCE Pt. 1 - The 2nd Album,album,2020-10-12,13,spotify:album:6kudlOyCqSQfsBVSdPZEu4,make a wish (birthday song) - english version,229400,False,13,45,0.658,0.726,0.802,8,-2.43,1,0.144,0.0582,0.0,0.0528,101.005,4,spotify:track:1iPmAMVMqoT2ZromLzo305
NCT U,NCT 2018 EMPATHY,album,2018-03-14,14,spotify:album:3KAJvo62RNQEtXwIyB5rzX,intro: neo got my back,117326,False,1,49,0.176,0.828,0.689,5,-7.97,1,0.0699,0.32,0.0118,0.11,100.042,4,spotify:track:46JuEtCV69InGm7hONKrgA
NCT U,NCT 2018 EMPATHY,album,2018-03-14,14,spotify:album:3KAJvo62RNQEtXwIyB5rzX,boss,210641,False,2,66,0.332,0.787,0.543,10,-6.7,0,0.037,0.0233,0.0,0.0861,99.026,4,spotify:track:0ErzcmZ2gIwX7X0xSMQPix
NCT U,NCT 2018 EMPATHY,album,2018-03-14,14,spotify:album:3KAJvo62RNQEtXwIyB5rzX,baby don’t stop,183019,False,3,64,0.352,0.827,0.739,8,-6.391,1,0.0744,0.0214,4.13e-06,0.043,95.999,4,spotify:track:1EYSS9Lp7a9f20C3FaOVgI
NCT U,NCT 2018 EMPATHY,album,2018-03-14,14,spotify:album:3KAJvo62RNQEtXwIyB5rzX,go,207173,False,4,56,0.673,0.76,0.928,8,-3.645,0,0.215,0.308,0.0,0.072,131.985,4,spotify:track:741wqAxJIPwjHWLjyG2so6
NCT U,NCT 2018 EMPATHY,album,2018-03-14,14,spotify:album:3KAJvo62RNQEtXwIyB5rzX,touch,189077,False,5,59,0.616,0.595,0.806,8,-4.644,1,0.141,0.0391,0.0,0.36,93.126,4,spotify:track:1mdEvT7X3Rs7vL75fRb8oo
NCT U,NCT 2018 EMPATHY,album,2018-03-14,14,spotify:album:3KAJvo62RNQEtXwIyB5rzX,yestoday,196571,False,6,52,0.678,0.683,0.92,9,-3.322,0,0.0924,0.0294,0.0,0.295,94.959,4,spotify:track:6OyLuTMyY9dOswKPyIT8SO
NCT U,NCT 2018 EMPATHY,album,2018-03-14,14,spotify:album:3KAJvo62RNQEtXwIyB5rzX,black on black,197980,False,7,53,0.247,0.523,0.864,10,-4.746,0,0.359,0.106,0.000454,0.0672,142.11,4,spotify:track:1qq7YnBOcXtfX3tCCMJllG
NCT U,NCT 2018 EMPATHY,album,2018-03-14,14,spotify:album:3KAJvo62RNQEtXwIyB5rzX,텐데…timeless,250826,False,8,48,0.272,0.557,0.442,1,-4.595,1,0.0314,0.316,0.0,0.138,127.873,4,spotify:track:4SBdExnMWp7er8KxnpPzpG
NCT U,NCT 2018 EMPATHY,album,2018-03-14,14,spotify:album:3KAJvo62RNQEtXwIyB5rzX,the 7th sense,214035,False,9,60,0.218,0.682,0.502,2,-9.507,1,0.0713,0.0124,8.45e-06,0.107,108.08,4,spotify:track:6BdchFAP4TUZUceAsAEb5U
NCT U,NCT 2018 EMPATHY,album,2018-03-14,14,spotify:album:3KAJvo62RNQEtXwIyB5rzX,without you,205533,False,10,54,0.53,0.578,0.942,2,-1.693,1,0.0556,0.0428,0.0,0.0833,127.835,4,spotify:track:78DVHbAahuQF56gOC4GnuN
NCT U,NCT 2018 EMPATHY,album,2018-03-14,14,spotify:album:3KAJvo62RNQEtXwIyB5rzX,without you - chinese version,205533,False,11,34,0.516,0.578,0.947,2,-1.629,1,0.0588,0.0394,0.0,0.126,128.021,4,spotify:track:51q7nOFtavUgnbaVLfwddo
NCT U,NCT 2018 EMPATHY,album,2018-03-14,14,spotify:album:3KAJvo62RNQEtXwIyB5rzX,dream in a dream,215221,False,12,43,0.367,0.618,0.748,8,-6.301,0,0.0315,0.0381,0.00225,0.295,102.052,4,spotify:track:6MWqKPyfweTJ60mpiTj24o
NCT U,NCT 2018 EMPATHY,album,2018-03-14,14,spotify:album:3KAJvo62RNQEtXwIyB5rzX,outro: vision,57474,False,13,37,0.357,0.556,0.913,2,-4.075,1,0.0929,0.000385,0.962,0.268,179.925,4,spotify:track:0GubDiGTY2PtqgBQPYaOBy
NCT U,NCT 2018 EMPATHY,album,2018-03-14,14,spotify:album:3KAJvo62RNQEtXwIyB5rzX,"yestoday - extended version, bonus track",227884,False,14,42,0.633,0.68,0.888,9,-4.377,0,0.136,0.0688,0.0,0.118,95.014,4,spotify:track:4SrkrzWiFxEzMBOSOE5qGW
NCT U,iScreaM Vol.6 : Make A Wish / 90's Love Remix,single,2020-12-17,2,spotify:album:4ZjHU4a3q0eJJwcFaoUeZM,make a wish (birthday song) - wuki remix,194146,False,1,18,0.536,0.754,0.95,8,-2.357,0,0.0539,0.000245,0.479,0.109,122.967,4,spotify:track:6Y0cMG4U0FUgOseLwamz7e
NCT U,iScreaM Vol.6 : Make A Wish / 90's Love Remix,single,2020-12-17,2,spotify:album:4ZjHU4a3q0eJJwcFaoUeZM,90's love - squar remix,161454,False,2,14,0.814,0.69,0.878,6,-4.569,0,0.0637,0.00244,0.000531,0.318,109.989,4,spotify:track:4UlJjrQM5woly29xrGQpe8
NCT U,Rain Day - SM STATION : NCT LAB,single,2022-07-19,2,spotify:album:58uFef7QCVv7hVQZDur3n0,rain day,190560,False,1,57,0.538,0.686,0.681,6,-4.495,0,0.0672,0.285,0.0,0.188,95.108,4,spotify:track:07lK6LoH13tGwxziXWIp16
NCT U,Rain Day - SM STATION : NCT LAB,single,2022-07-19,2,spotify:album:58uFef7QCVv7hVQZDur3n0,rain day - instrumental,190546,False,2,29,0.123,0.759,0.483,2,-8.566,1,0.0471,0.265,0.728,0.207,94.983,4,spotify:track:1gGt8yNdl4ray2DM1DiBNk
NCT U,coNEXTion (Age of Light) - SM STATION : NCT LAB,single,2022-03-20,2,spotify:album:4Q1QbnNAgUGq4glyv7dAXn,conextion (age of light),226933,False,1,49,0.816,0.707,0.869,11,-3.102,0,0.0517,0.238,0.0,0.345,150.08,4,spotify:track:27vGornenTX2Vrzg9nOyBA
NCT U,coNEXTion (Age of Light) - SM STATION : NCT LAB,single,2022-03-20,2,spotify:album:4Q1QbnNAgUGq4glyv7dAXn,conextion (age of light) - instrumental,226920,False,2,19,0.506,0.683,0.794,4,-5.394,0,0.0768,0.134,0.879,0.38,150.025,4,spotify:track:3T9dNxbiMMW67CyW7t4Ja5
NCT U,Universe (Let's Play Ball),single,2021-12-10,1,spotify:album:31BJasH9nLradtMdJEIDXk,universe (let's play ball),231466,False,1,50,0.697,0.587,0.895,5,-1.591,0,0.139,0.0524,0.0,0.0402,179.975,4,spotify:track:6hHrPwQYGp9kPL7xLZviBS
NCT U,MAXIS BY RYAN JHUN PT. 1,single,2021-08-12,1,spotify:album:4WQ05YKNsq42DiHMYCmTXc,"maniac (sung by doyoung, haechan) (prod. ryan jhun)",208266,False,1,52,0.392,0.747,0.856,2,-4.122,1,0.125,0.0628,0.0,0.0844,106.91,4,spotify:track:0zcORXxG1FGC3QzWYOBzr4
NCT U,STATION X 4 LOVEs for Winter Part.2,single,2019-12-13,2,spotify:album:6KCFJyHGY6CL9DJIcOQxzZ,"coming home (sung by taeil, doyoung, jaehyun, haechan)",263613,False,1,51,0.127,0.202,0.67,10,-2.844,1,0.0326,0.565,1.03e-06,0.12,170.777,3,spotify:track:1A7pDII9Zy07oCDW3xldgy
NCT U,STATION X 4 LOVEs for Winter Part.2,single,2019-12-13,2,spotify:album:6KCFJyHGY6CL9DJIcOQxzZ,"coming home (sung by taeil, doyoung, jaehyun, haechan) - instrumental",263626,False,2,19,0.101,0.388,0.631,10,-6.627,1,0.0252,0.199,0.926,0.116,171.974,3,spotify:track:5SjnieDBwa3ttg8LVuR7ye
NCT U,"The Tale Of Nokdu (Original Television Soundtrack), Pt. 1",single,2019-10-01,2,spotify:album:7lTV3zl1MT8axUtdHqRaWp,"baby only you (sung by doyoung, mark)",196000,False,1,40,0.874,0.737,0.931,1,-2.792,1,0.0484,0.0585,0.0,0.154,125.993,4,spotify:track:0Q3t5qJw8No9ejxyQRPuk0
NCT U,"The Tale Of Nokdu (Original Television Soundtrack), Pt. 1",single,2019-10-01,2,spotify:album:7lTV3zl1MT8axUtdHqRaWp,baby only you - instrumental,195986,False,2,13,0.913,0.766,0.938,1,-4.882,1,0.0406,0.000626,0.679,0.264,126.014,4,spotify:track:4pd1wHtjYDdWsYNMZ8b9Xy
NCT U,When You're On The Blacklist Of Bullies Pt.1 (Original Television Soundtrack),single,2019-08-09,2,spotify:album:4K4qF5F3lxpHIOF1LE6zEv,new love,229265,False,1,41,0.524,0.633,0.874,2,-4.205,1,0.0312,0.00878,0.000143,0.285,106.028,4,spotify:track:6ApLsx1fLjyQL2j5hBiDG0
NCT U,When You're On The Blacklist Of Bullies Pt.1 (Original Television Soundtrack),single,2019-08-09,2,spotify:album:4K4qF5F3lxpHIOF1LE6zEv,new love instrumental,229280,False,2,11,0.361,0.552,0.9,2,-5.054,1,0.0336,0.000109,0.89,0.302,105.981,4,spotify:track:4oLXZ7OZ7Qix7vLwskPQBi
NCT U,Baby Don't Stop (Special Thai Version),single,2018-06-02,2,spotify:album:56hYT1UpRNywoEauioNczN,baby don't stop - special thai version,183019,False,1,35,0.344,0.843,0.722,1,-6.403,1,0.0696,0.0218,5.31e-06,0.0424,95.981,4,spotify:track:3K8yw3FK4q0j05XabjP6mE
NCT U,Baby Don't Stop (Special Thai Version),single,2018-06-02,2,spotify:album:56hYT1UpRNywoEauioNczN,baby don't stop - instrumental,183019,False,2,20,0.138,0.759,0.681,8,-9.252,1,0.0635,0.00536,0.882,0.101,96.013,4,spotify:track:7fIV4YAEVhxrscqCDSgh0Z
NCT U,RADIO ROMANCE OST Part.1,single,2018-01-30,2,spotify:album:48ZRA3x6HI3g3RHWG1ddz9,"radio romance (sung by taeil, doyoung)",219125,False,1,35,0.445,0.632,0.83,2,-3.388,1,0.0401,0.452,0.0,0.238,115.02,4,spotify:track:6rPnmk2JbKooVdes8dMsZj
NCT U,RADIO ROMANCE OST Part.1,single,2018-01-30,2,spotify:album:48ZRA3x6HI3g3RHWG1ddz9,"radio romance (sung by taeil, doyoung) inst. (instrumental)",219125,False,2,13,0.428,0.662,0.764,2,-7.125,1,0.0257,0.00355,0.653,0.179,114.988,4,spotify:track:2sVHIx5p8pZVT3f0F20l3e
NCT U,텐데... (Timeless) - SM STATION,single,2018-01-12,2,spotify:album:74YQYAzf6Vm2LgIrsKxgHr,"텐데...timeless (sung by jaehyun, doyoung, taeil)",250826,False,1,48,0.259,0.555,0.451,1,-4.575,1,0.0314,0.349,0.0,0.137,128.014,4,spotify:track:7jb6GXWNyeGUKFaUCpmNX1
NCT U,텐데... (Timeless) - SM STATION,single,2018-01-12,2,spotify:album:74YQYAzf6Vm2LgIrsKxgHr,"텐데...timeless (sung by jaehyun, doyoung, taeil) - instrumental",250827,False,2,19,0.137,0.606,0.378,1,-8.618,1,0.034,0.0311,0.872,0.101,127.991,4,spotify:track:1T6IInAAec7tVQj3lMxxa3
NCT U,WITHOUT YOU,single,2016-04-10,2,spotify:album:6sSEBHHEExHgEIvZ11MxBp,"without you (sung by jaehyun, doyoung, taeil)",205533,False,1,42,0.53,0.578,0.942,2,-1.693,1,0.0556,0.0428,0.0,0.0833,127.835,4,spotify:track:0v5VZm8n1l0dEq7gls1a88
NCT U,WITHOUT YOU,single,2016-04-10,2,spotify:album:6sSEBHHEExHgEIvZ11MxBp,"without you (sung by kun, jaehyun, doyoung, taeil) - chinese version",205533,False,2,30,0.516,0.578,0.947,2,-1.629,1,0.0588,0.0394,0.0,0.126,128.021,4,spotify:track:7MtX7pq09iFQ4FlBE5jSL0
NCT U,일곱 번째 감각 The 7th Sense,single,2016-04-09,1,spotify:album:2KqjZihoHmimTaPaC3dNb2,"일곱 번째 감각 the 7th sense (sung by taeyong, mark, jaehyun, doyoung, ten)",214035,False,1,46,0.218,0.682,0.502,2,-9.507,1,0.0713,0.0124,8.45e-06,0.107,108.08,4,spotify:track:1VLEqquT268Ke46e5DZ1dH
NCT DREAM,Beatbox - The 2nd Album Repackage,album,2022-05-30,15,spotify:album:4sM1qNxjzxOvoH6jeFHx3W,beatbox,205133,False,1,75,0.773,0.857,0.7,4,-4.189,0,0.074,0.0411,0.0,0.0334,93.997,4,spotify:track:0CatzXH85XWyBqqdB6qPMB
NCT DREAM,Beatbox - The 2nd Album Repackage,album,2022-05-30,15,spotify:album:4sM1qNxjzxOvoH6jeFHx3W,to my first,183293,False,5,65,0.37,0.661,0.667,4,-3.875,0,0.0398,0.233,0.0,0.105,77.006,4,spotify:track:7cjojsJwncbiCI0rqOOf9j
NCT DREAM,Beatbox - The 2nd Album Repackage,album,2022-05-30,15,spotify:album:4sM1qNxjzxOvoH6jeFHx3W,"sorry, heart",213946,False,8,60,0.434,0.741,0.367,10,-4.467,1,0.0308,0.577,0.0,0.0912,80.997,4,spotify:track:6GKShCAPVjtOWJTH5tcSoj
NCT DREAM,Beatbox - The 2nd Album Repackage,album,2022-05-30,15,spotify:album:4sM1qNxjzxOvoH6jeFHx3W,on the way,209586,False,15,58,0.307,0.58,0.716,10,-5.388,0,0.0647,0.192,0.0,0.259,75.092,4,spotify:track:1iN31yt7y7vREKboJoPvvw
NCT DREAM,Glitch Mode - The 2nd Album,album,2022-03-28,11,spotify:album:4cAcTMGFjTBufC7Eu0FizU,fire alarm,192506,False,1,56,0.689,0.659,0.922,4,-3.241,0,0.0809,0.033,0.0,0.355,139.947,4,spotify:track:4HhjBzw5QUpkPzswMsIWZR
NCT DREAM,Glitch Mode - The 2nd Album,album,2022-03-28,11,spotify:album:4cAcTMGFjTBufC7Eu0FizU,glitch mode,207053,False,2,67,0.694,0.634,0.78,0,-2.323,0,0.0963,0.0164,0.0,0.141,166.923,4,spotify:track:5b1PngLlxc7hj3fJXrE2Zm
NCT DREAM,Glitch Mode - The 2nd Album,album,2022-03-28,11,spotify:album:4cAcTMGFjTBufC7Eu0FizU,arcade,207720,False,3,57,0.562,0.607,0.676,1,-3.096,1,0.174,0.0396,0.0,0.265,169.776,4,spotify:track:4T9hw59r85ZkesNoYWQIJg
NCT DREAM,Glitch Mode - The 2nd Album,album,2022-03-28,11,spotify:album:4cAcTMGFjTBufC7Eu0FizU,it’s yours,224040,False,4,56,0.716,0.865,0.727,0,-2.886,1,0.0587,0.24,0.0,0.0434,100.001,4,spotify:track:0a4svaW6XiBnyoXECjcmGw
NCT DREAM,Glitch Mode - The 2nd Album,album,2022-03-28,11,spotify:album:4cAcTMGFjTBufC7Eu0FizU,teddy bear,242040,False,5,61,0.484,0.731,0.594,10,-5.688,0,0.0315,0.71,1.18e-06,0.111,106.001,4,spotify:track:4j8hB6XdIYspmYbFsBk1DD
NCT DREAM,Glitch Mode - The 2nd Album,album,2022-03-28,11,spotify:album:4cAcTMGFjTBufC7Eu0FizU,replay,214066,False,6,52,0.717,0.799,0.863,4,-3.726,0,0.0895,0.0525,0.0,0.258,100.98,4,spotify:track:0eACCV3ys1LIIxMit2wLWn
NCT DREAM,Glitch Mode - The 2nd Album,album,2022-03-28,11,spotify:album:4cAcTMGFjTBufC7Eu0FizU,saturday drip,180600,False,7,62,0.802,0.848,0.815,2,-2.058,1,0.0498,0.0474,0.0,0.0379,113.024,4,spotify:track:2ohOA4P55RsoU1bOanNGyB
NCT DREAM,Glitch Mode - The 2nd Album,album,2022-03-28,11,spotify:album:4cAcTMGFjTBufC7Eu0FizU,better than gold,200746,False,8,62,0.715,0.713,0.842,0,-3.225,1,0.0402,0.0526,0.0,0.0834,110.039,4,spotify:track:0tIkUSA5njpsBaTAx3z25z
NCT DREAM,Glitch Mode - The 2nd Album,album,2022-03-28,11,spotify:album:4cAcTMGFjTBufC7Eu0FizU,drive,198786,False,9,57,0.576,0.783,0.615,7,-4.077,1,0.0456,0.104,0.0,0.278,92.024,4,spotify:track:5kU7ejlQb3T56BIwYOiudl
NCT DREAM,Glitch Mode - The 2nd Album,album,2022-03-28,11,spotify:album:4cAcTMGFjTBufC7Eu0FizU,never goodbye,212800,False,10,67,0.539,0.786,0.572,11,-4.967,1,0.0399,0.282,0.0,0.0808,91.977,4,spotify:track:5EAfUqytXYbH0yUZR3QGli
NCT DREAM,Glitch Mode - The 2nd Album,album,2022-03-28,11,spotify:album:4cAcTMGFjTBufC7Eu0FizU,rewind,184053,False,11,54,0.821,0.776,0.727,1,-4.417,1,0.0355,0.0588,0.0,0.0926,109.971,4,spotify:track:07qSCcSVuVLHIf0gUSrUNW
NCT DREAM,Hello Future - The 1st Album Repackage,album,2021-06-28,13,spotify:album:1fRqXYwoLDxG3EwP70qnjM,hello future,220920,False,1,68,0.5,0.545,0.803,1,-2.283,1,0.0526,0.0261,0.0,0.114,170.006,4,spotify:track:332GJ8ykVuEt3jOT1sy7j6
NCT DREAM,Hello Future - The 1st Album Repackage,album,2021-06-28,13,spotify:album:1fRqXYwoLDxG3EwP70qnjM,bungee,208893,False,2,52,0.545,0.63,0.775,2,-3.83,0,0.175,0.171,0.0,0.0438,98.024,4,spotify:track:2dRiyL82K8xPV3gLBDJZMx
NCT DREAM,Hello Future - The 1st Album Repackage,album,2021-06-28,13,spotify:album:1fRqXYwoLDxG3EwP70qnjM,life is still going on,218586,False,5,69,0.676,0.681,0.749,0,-3.436,0,0.0701,0.158,0.0,0.303,150.039,4,spotify:track:3THdOskGxdJcRbp0DcS4s0
NCT DREAM,Hot Sauce - The 1st Album,album,2021-05-10,10,spotify:album:1miTgxRTUje9Jqml1aOSUi,hot sauce,195813,False,1,68,0.551,0.769,0.926,6,-1.627,1,0.0788,0.0127,0.0,0.285,100.034,4,spotify:track:6B8MM3PVQtUbZLay7tP7er
NCT DREAM,Hot Sauce - The 1st Album,album,2021-05-10,10,spotify:album:1miTgxRTUje9Jqml1aOSUi,diggity,209373,False,2,54,0.687,0.715,0.842,6,-3.085,1,0.0817,0.1,0.0,0.255,89.988,4,spotify:track:2JEaSgRiEra5OQrZlnyqXG
NCT DREAM,Hot Sauce - The 1st Album,album,2021-05-10,10,spotify:album:1miTgxRTUje9Jqml1aOSUi,dive into you,192826,False,3,63,0.584,0.767,0.715,4,-3.171,1,0.0493,0.23,0.0,0.139,75.968,4,spotify:track:0z3ZZ2JKusRpapstADTxVf
NCT DREAM,Hot Sauce - The 1st Album,album,2021-05-10,10,spotify:album:1miTgxRTUje9Jqml1aOSUi,my youth,236093,False,4,61,0.581,0.779,0.676,1,-3.777,1,0.0376,0.562,0.0,0.123,119.959,4,spotify:track:3vG5ilGpaYA2MhVtyTORF1
NCT DREAM,Hot Sauce - The 1st Album,album,2021-05-10,10,spotify:album:1miTgxRTUje9Jqml1aOSUi,rocket,175146,False,5,49,0.766,0.761,0.89,6,-2.971,1,0.121,0.208,0.0,0.0449,99.987,4,spotify:track:2hr3geQBSViX9Oi2OsnY3c
NCT DREAM,Hot Sauce - The 1st Album,album,2021-05-10,10,spotify:album:1miTgxRTUje9Jqml1aOSUi,"countdown (3, 2, 1)",214666,False,6,51,0.608,0.727,0.902,10,-3.533,0,0.122,0.137,0.0,0.0636,107.014,4,spotify:track:5ngy93w3QaZl3mN9YinIux
NCT DREAM,Hot Sauce - The 1st Album,album,2021-05-10,10,spotify:album:1miTgxRTUje9Jqml1aOSUi,anl,225533,False,7,55,0.603,0.668,0.714,6,-3.36,0,0.0503,0.254,0.0,0.143,157.85,4,spotify:track:3zIvzPKUUdSpDCm1uua6Be
NCT DREAM,Hot Sauce - The 1st Album,album,2021-05-10,10,spotify:album:1miTgxRTUje9Jqml1aOSUi,irreplaceable,204026,False,8,55,0.82,0.532,0.831,2,-3.431,1,0.0557,0.17,0.0,0.511,89.923,4,spotify:track:3EFNqXf54nYARxXm5b7kGT
NCT DREAM,Hot Sauce - The 1st Album,album,2021-05-10,10,spotify:album:1miTgxRTUje9Jqml1aOSUi,be there for you,223880,False,9,54,0.338,0.427,0.4,1,-5.308,0,0.032,0.71,0.0,0.195,175.876,4,spotify:track:65aiZeH9Uld7iFC4w24tiR
NCT DREAM,Hot Sauce - The 1st Album,album,2021-05-10,10,spotify:album:1miTgxRTUje9Jqml1aOSUi,rainbow,231773,False,10,60,0.409,0.555,0.705,10,-4.314,1,0.0482,0.529,0.0,0.105,133.005,4,spotify:track:2TyDgN8q5NgOuiR8yYyBYj
NCT DREAM,THE DREAM SHOW - The 1st Live Album,album,2020-06-09,22,spotify:album:0dxqHIK72bm6w5dgYmluYT,go - live,237600,False,1,32,0.463,0.606,0.966,10,-4.867,0,0.0988,0.0275,0.0,0.373,132.01,4,spotify:track:5dB0iQURzcObhAsmmp568o
NCT DREAM,THE DREAM SHOW - The 1st Live Album,album,2020-06-09,22,spotify:album:0dxqHIK72bm6w5dgYmluYT,drippin' - live,200560,False,2,31,0.651,0.602,0.975,10,-4.648,0,0.196,0.175,0.0,0.543,144.925,4,spotify:track:7s3foW5DoKy69sSCyZDUOs
NCT DREAM,THE DREAM SHOW - The 1st Live Album,album,2020-06-09,22,spotify:album:0dxqHIK72bm6w5dgYmluYT,119 - live,239106,False,3,31,0.447,0.606,0.895,0,-4.795,1,0.0566,0.138,0.0,0.859,104.04,4,spotify:track:6Y6y9ZWNVdFiOlJmJLiixT
NCT DREAM,THE DREAM SHOW - The 1st Live Album,album,2020-06-09,22,spotify:album:0dxqHIK72bm6w5dgYmluYT,"1, 2, 3 - live",195960,False,4,30,0.826,0.661,0.894,11,-5.108,0,0.0639,0.0548,0.0,0.265,124.986,4,spotify:track:6qnWyckAeMbBmgCJrccH30
NCT DREAM,THE DREAM SHOW - The 1st Live Album,album,2020-06-09,22,spotify:album:0dxqHIK72bm6w5dgYmluYT,we go up - live,185360,False,5,32,0.333,0.702,0.877,8,-4.335,1,0.132,0.0341,0.0,0.892,122.067,4,spotify:track:3mgjzvfMW97fChgmaj9VG1
NCT DREAM,THE DREAM SHOW - The 1st Live Album,album,2020-06-09,22,spotify:album:0dxqHIK72bm6w5dgYmluYT,stronger - live,211240,False,6,30,0.503,0.633,0.914,9,-4.871,0,0.0526,0.124,0.0,0.671,101.008,4,spotify:track:18Rf5HQKtKiL8UlCR0ea1j
NCT DREAM,THE DREAM SHOW - The 1st Live Album,album,2020-06-09,22,spotify:album:0dxqHIK72bm6w5dgYmluYT,dunk shot - live,238160,False,7,32,0.485,0.55,0.939,2,-3.704,1,0.0845,0.0497,0.0,0.875,115.952,4,spotify:track:1iqHuy6uEhpxLUkHelpKc0
NCT DREAM,THE DREAM SHOW - The 1st Live Album,album,2020-06-09,22,spotify:album:0dxqHIK72bm6w5dgYmluYT,chewing gum - live,218520,False,8,31,0.658,0.64,0.916,3,-4.339,0,0.0535,0.125,0.0,0.728,103.982,4,spotify:track:73NBWcaeP5asL1kn7GiwSE
NCT DREAM,THE DREAM SHOW - The 1st Live Album,album,2020-06-09,22,spotify:album:0dxqHIK72bm6w5dgYmluYT,dream run - live,224226,False,9,29,0.45,0.552,0.926,7,-3.336,1,0.0684,0.0308,0.0,0.323,120.028,4,spotify:track:30NOXqHv9ufsWBekF0Smko
NCT DREAM,THE DREAM SHOW - The 1st Live Album,album,2020-06-09,22,spotify:album:0dxqHIK72bm6w5dgYmluYT,best friend - live,246106,False,10,33,0.535,0.606,0.805,8,-6.065,1,0.0806,0.516,0.0,0.69,153.854,4,spotify:track:52Ne2Q5gx4WYsVw0KwblS3
NCT DREAM,THE DREAM SHOW - The 1st Live Album,album,2020-06-09,22,spotify:album:0dxqHIK72bm6w5dgYmluYT,walk you home - live,177120,False,11,40,0.632,0.672,0.71,11,-4.779,0,0.0263,0.357,0.0,0.945,98.022,4,spotify:track:5carF2oe8sELpiGj7LRsOs
NCT DREAM,THE DREAM SHOW - The 1st Live Album,album,2020-06-09,22,spotify:album:0dxqHIK72bm6w5dgYmluYT,candle light - live,236680,False,12,32,0.316,0.539,0.887,8,-5.008,1,0.0741,0.12,0.0,0.397,92.939,4,spotify:track:2LtxVjzYsMFWeGpTfuM958
NCT DREAM,THE DREAM SHOW - The 1st Live Album,album,2020-06-09,22,spotify:album:0dxqHIK72bm6w5dgYmluYT,we young - live,225760,False,1,30,0.273,0.62,0.888,0,-4.266,1,0.0414,0.0194,0.0,0.587,123.041,4,spotify:track:1x7DgqfPlE7NH7lbrUZukZ
NCT DREAM,THE DREAM SHOW - The 1st Live Album,album,2020-06-09,22,spotify:album:0dxqHIK72bm6w5dgYmluYT,my first and last - live,203066,False,2,33,0.386,0.699,0.94,0,-3.225,1,0.0948,0.0193,0.0,0.381,108.063,4,spotify:track:1MZuGklUjhhJRCNYT7igTc
NCT DREAM,THE DREAM SHOW - The 1st Live Album,album,2020-06-09,22,spotify:album:0dxqHIK72bm6w5dgYmluYT,my page - live,225386,False,3,29,0.509,0.637,0.94,1,-3.295,0,0.104,0.319,0.0,0.116,125.008,4,spotify:track:6C4tuh5v9RzeEYzYwST0nl
NCT DREAM,THE DREAM SHOW - The 1st Live Album,album,2020-06-09,22,spotify:album:0dxqHIK72bm6w5dgYmluYT,bye my first... - live,206053,False,4,31,0.354,0.372,0.91,7,-4.539,1,0.0735,0.021,0.0,0.839,89.543,4,spotify:track:6X6n1gtl1jpDsVHpwt7Wr4
NCT DREAM,THE DREAM SHOW - The 1st Live Album,album,2020-06-09,22,spotify:album:0dxqHIK72bm6w5dgYmluYT,don't need your love - live,202746,False,5,34,0.649,0.393,0.944,7,-5.234,1,0.191,0.0575,2.92e-05,0.485,159.832,3,spotify:track:01YEVlunkOcDQ2haHpTLOi
NCT DREAM,THE DREAM SHOW - The 1st Live Album,album,2020-06-09,22,spotify:album:0dxqHIK72bm6w5dgYmluYT,fireflies - live,202373,False,6,31,0.458,0.63,0.889,1,-4.156,1,0.227,0.0297,0.0,0.95,127.944,4,spotify:track:41rDbh9jwDoKZ8wKTOiung
NCT DREAM,THE DREAM SHOW - The 1st Live Album,album,2020-06-09,22,spotify:album:0dxqHIK72bm6w5dgYmluYT,trigger the fever - live,206360,False,7,33,0.456,0.52,0.916,4,-3.284,1,0.057,0.0241,0.0,0.899,128.053,4,spotify:track:2MsuMsE5CCbjNAOQv8h19g
NCT DREAM,THE DREAM SHOW - The 1st Live Album,album,2020-06-09,22,spotify:album:0dxqHIK72bm6w5dgYmluYT,boom - live,211053,False,8,32,0.613,0.689,0.861,5,-4.125,0,0.0458,0.258,0.0,0.868,119.959,4,spotify:track:3xkMNkcPcVqQl4K66os2RX
NCT DREAM,THE DREAM SHOW - The 1st Live Album,album,2020-06-09,22,spotify:album:0dxqHIK72bm6w5dgYmluYT,la la love - live,180466,False,9,30,0.478,0.561,0.852,2,-3.68,1,0.0427,0.161,0.0,0.455,90.989,4,spotify:track:060Mecrf0GWFuwKsTzsJdU
NCT DREAM,THE DREAM SHOW - The 1st Live Album,album,2020-06-09,22,spotify:album:0dxqHIK72bm6w5dgYmluYT,beautiful time - live,235840,False,10,33,0.551,0.516,0.792,11,-4.67,1,0.0467,0.101,0.0,0.457,78.09,4,spotify:track:7k4d5iDArjG4HMsD3p0uxP
NCT DREAM,iScreaM Vol.16 : Glitch Mode Remix,single,2022-06-21,1,spotify:album:1qCGvCguJOKwfJbfBH8q8O,glitch mode - jinbo remix,277760,False,1,34,0.803,0.619,0.873,5,-2.939,0,0.0668,0.0763,6.7e-05,0.151,167.007,4,spotify:track:6gVZB0cp9QmWoduXVWOgHM
NCT DREAM,iScreaM Vol.9 : Hot Sauce Remixes,single,2021-06-10,2,spotify:album:6f8Coii7w0nJi3TKVMXoWk,hot sauce - hitchhiker remix,195000,False,1,27,0.554,0.685,0.878,10,-7.707,0,0.17,0.00956,0.000506,0.349,100.002,4,spotify:track:5b9Xo4A6XODIi8tkD1Qdz9
NCT DREAM,iScreaM Vol.9 : Hot Sauce Remixes,single,2021-06-10,2,spotify:album:6f8Coii7w0nJi3TKVMXoWk,hot sauce - minimonster remix,181794,False,2,24,0.344,0.64,0.935,6,-1.014,1,0.0599,0.00244,0.0,0.16,100.002,4,spotify:track:1qr9eVsNr2Tu5B2pXJm3Y7
NCT DREAM,Reload,single,2020-04-29,5,spotify:album:1V5ilz8ghPl1PZJA1hbw3r,ridin',201773,False,1,60,0.513,0.549,0.903,1,-1.483,0,0.045,0.178,0.0,0.0682,150.009,4,spotify:track:0EMD15EVNwDlgGH2CH6ZEL
NCT DREAM,Reload,single,2020-04-29,5,spotify:album:1V5ilz8ghPl1PZJA1hbw3r,quiet down,188400,False,2,54,0.546,0.697,0.868,0,-4.575,1,0.057,0.374,0.0,0.124,145.961,4,spotify:track:3l8JuoE2LHb7hiFo7lKrkh
NCT DREAM,Reload,single,2020-04-29,5,spotify:album:1V5ilz8ghPl1PZJA1hbw3r,7 days,197280,False,3,57,0.629,0.744,0.89,6,-3.134,0,0.0824,0.146,0.0,0.121,99.95,4,spotify:track:0nsL0AalAUFNCi7DYhnihQ
NCT DREAM,Reload,single,2020-04-29,5,spotify:album:1V5ilz8ghPl1PZJA1hbw3r,love again,210866,False,4,55,0.59,0.696,0.92,1,-2.004,1,0.119,0.0451,0.0,0.0603,104.035,4,spotify:track:2eqehaP6hg04FQ82CLErFd
NCT DREAM,Reload,single,2020-04-29,5,spotify:album:1V5ilz8ghPl1PZJA1hbw3r,puzzle piece,227453,False,5,58,0.592,0.66,0.363,5,-8.3,1,0.0286,0.79,0.00014,0.102,103.124,4,spotify:track:4hMYovC1APX8ojuANCoeuF
NCT DREAM,We Boom - The 3rd Mini Album,single,2019-07-26,6,spotify:album:31ln9LpD1WyhFlOvDp9YJc,boom,195080,False,1,66,0.702,0.914,0.516,5,-4.178,0,0.0918,0.131,0.0,0.0441,119.969,4,spotify:track:6rcn967QN5JtkPOBDwYIuT
NCT DREAM,We Boom - The 3rd Mini Album,single,2019-07-26,6,spotify:album:31ln9LpD1WyhFlOvDp9YJc,stronger,206536,False,2,52,0.689,0.743,0.841,9,-4.371,0,0.0634,0.0331,0.0,0.119,100.99,4,spotify:track:6pHjX4thmIYqqmODsW1kIy
NCT DREAM,We Boom - The 3rd Mini Album,single,2019-07-26,6,spotify:album:31ln9LpD1WyhFlOvDp9YJc,119,239335,False,3,56,0.503,0.704,0.883,0,-3.623,1,0.0621,0.116,0.0,0.0653,103.968,4,spotify:track:0AHpMhCdgaz00aMkoEZTXd
NCT DREAM,We Boom - The 3rd Mini Album,single,2019-07-26,6,spotify:album:31ln9LpD1WyhFlOvDp9YJc,bye my first…,207155,False,4,54,0.393,0.647,0.823,2,-4.901,1,0.154,0.0158,0.0,0.348,179.823,4,spotify:track:0qhTNlYrAJBXpHHzay7qvM
NCT DREAM,We Boom - The 3rd Mini Album,single,2019-07-26,6,spotify:album:31ln9LpD1WyhFlOvDp9YJc,best friend,204253,False,5,52,0.739,0.784,0.678,8,-3.276,1,0.0891,0.33,0.0,0.0743,77.012,4,spotify:track:6YMy6nuK53ZSKOLlt2ytiY
NCT DREAM,We Boom - The 3rd Mini Album,single,2019-07-26,6,spotify:album:31ln9LpD1WyhFlOvDp9YJc,dream run,224192,False,6,47,0.596,0.696,0.781,11,-3.322,0,0.0546,0.0224,0.0,0.257,120.037,4,spotify:track:6ByGZGm5Y5VwrQheIUlw1N
NCT DREAM,Fireflies (THE OFFICIAL SONG OF THE WORLD SCOUT FOUNDATION),single,2019-07-15,1,spotify:album:6MYKofPnqIdjfznGSopzCi,fireflies (the official song of the world scout foundation),200973,False,1,55,0.73,0.744,0.674,1,-3.736,1,0.15,0.00253,0.0,0.201,127.941,4,spotify:track:1F9FQp9dnnQWTkaK6Nzm1W
NCT DREAM,Don’t Need Your Love,single,2019-06-06,2,spotify:album:2e3TvxplnFh1HcFUcSe39u,don’t need your love,201880,False,1,61,0.769,0.619,0.881,7,-4.683,1,0.0834,0.0632,0.0,0.103,160.145,3,spotify:track:7oEm5Q1virEUB9H0XjWZzF
NCT DREAM,Don’t Need Your Love,single,2019-06-06,2,spotify:album:2e3TvxplnFh1HcFUcSe39u,don’t need your love - instrumental,201893,False,2,27,0.427,0.49,0.859,7,-6.319,1,0.104,0.0211,0.864,0.115,159.791,5,spotify:track:0XrdRDa6BfU3VhbTdKnakk
NCT DREAM,Candle Light - SM STATION,single,2018-12-27,2,spotify:album:077Bz6P3dTrhGjYx2vF0yY,candle light,236536,False,1,55,0.286,0.556,0.819,8,-4.869,1,0.0541,0.0287,0.0,0.125,92.934,4,spotify:track:6nUpdTLUSel3Zp6lhHZRbX
NCT DREAM,Candle Light - SM STATION,single,2018-12-27,2,spotify:album:077Bz6P3dTrhGjYx2vF0yY,candle light - instrumental,236536,False,2,25,0.212,0.608,0.884,5,-8.341,0,0.038,0.0147,0.893,0.111,92.987,4,spotify:track:798rr9u2ACA34rZITaKDyS
NCT DREAM,We Go Up,single,2018-09-03,6,spotify:album:0pIWpPef8UFx8iQ5KSZsYj,we go up,183293,False,1,60,0.349,0.893,0.77,8,-4.692,1,0.107,0.0138,0.0,0.225,122.067,4,spotify:track:26vOBLHS116a4WNUVlvAUW
NCT DREAM,We Go Up,single,2018-09-03,6,spotify:album:0pIWpPef8UFx8iQ5KSZsYj,"1, 2, 3",181186,False,2,51,0.953,0.82,0.63,11,-5.567,0,0.0841,0.082,0.0,0.0698,124.99,4,spotify:track:4LxKdotqcHAb0S7skugKIz
NCT DREAM,We Go Up,single,2018-09-03,6,spotify:album:0pIWpPef8UFx8iQ5KSZsYj,beautiful time,207773,False,3,54,0.792,0.682,0.721,11,-4.541,1,0.0897,0.0878,0.0,0.155,78.198,4,spotify:track:12YCzgLIK66nMNz4IpPTuL
NCT DREAM,We Go Up,single,2018-09-03,6,spotify:album:0pIWpPef8UFx8iQ5KSZsYj,drippin',197773,False,4,54,0.884,0.715,0.89,8,-5.944,1,0.175,0.197,0.0,0.164,144.951,4,spotify:track:5ZbwJYmRtJe5Uy9nFkki8W
NCT DREAM,We Go Up,single,2018-09-03,6,spotify:album:0pIWpPef8UFx8iQ5KSZsYj,dear dream,189546,False,5,56,0.422,0.677,0.624,5,-8.973,1,0.0871,0.137,6.41e-05,0.589,93.023,4,spotify:track:42HB7NqTtooRK7Lrwvwrq2
NCT DREAM,We Go Up,single,2018-09-03,6,spotify:album:0pIWpPef8UFx8iQ5KSZsYj,we go up - chinese version,183280,False,6,31,0.436,0.898,0.764,8,-4.548,1,0.116,0.0169,0.0,0.258,122.016,4,spotify:track:53W8Tjh9CkgdHS6m8sirsy
NCT DREAM,JOY - SM STATION,single,2017-12-15,2,spotify:album:5UkUr57L6X1gopnzG1dyBa,joy,178534,False,1,43,0.725,0.674,0.892,6,-3.498,1,0.0439,0.0563,0.0,0.067,109.909,4,spotify:track:3I4pgDhMKp6Sww3lTxyg8X
NCT DREAM,JOY - SM STATION,single,2017-12-15,2,spotify:album:5UkUr57L6X1gopnzG1dyBa,joy - instrumental,178534,False,2,20,0.71,0.653,0.909,1,-5.197,1,0.0323,7.21e-05,0.809,0.0785,109.995,4,spotify:track:22OAmKFjpMLIBApX9nFZmh
NCT DREAM,We Young - The 1st Mini Album,single,2017-08-17,6,spotify:album:2cEYyauffphZuDONGi6z9b,we young,224466,False,1,54,0.338,0.712,0.857,0,-4.194,1,0.0414,0.0579,0.0,0.0684,123.041,4,spotify:track:2nChvM2Tyv1ib8AvfCJcOe
NCT DREAM,We Young - The 1st Mini Album,single,2017-08-17,6,spotify:album:2cEYyauffphZuDONGi6z9b,la la love,181453,False,2,49,0.671,0.683,0.729,7,-4.665,1,0.0498,0.137,0.0,0.114,91.026,4,spotify:track:2x9A6XKR8u72GysiSQm7Dw
NCT DREAM,We Young - The 1st Mini Album,single,2017-08-17,6,spotify:album:2cEYyauffphZuDONGi6z9b,같은 시간 같은 자리 walk you home,175240,False,3,59,0.625,0.799,0.761,11,-4.897,0,0.0453,0.309,0.0,0.115,97.997,4,spotify:track:48U7tDoHquyAGPW119Xpvi
NCT DREAM,We Young - The 1st Mini Album,single,2017-08-17,6,spotify:album:2cEYyauffphZuDONGi6z9b,my page,226613,False,4,49,0.684,0.744,0.9,11,-3.888,1,0.0768,0.25,0.0,0.0673,125.011,4,spotify:track:63oREMsb7uCqgVztE72Pyv
NCT DREAM,We Young - The 1st Mini Album,single,2017-08-17,6,spotify:album:2cEYyauffphZuDONGi6z9b,we young 青春漾 - chinese version,223293,False,5,30,0.333,0.702,0.853,0,-4.209,1,0.0449,0.0587,0.0,0.121,122.973,4,spotify:track:62bgPWWIwBbSwzM54VQVg4
NCT DREAM,We Young - The 1st Mini Album,single,2017-08-17,6,spotify:album:2cEYyauffphZuDONGi6z9b,trigger the fever - bonus track,206791,False,6,46,0.561,0.534,0.881,4,-2.871,1,0.0434,0.0352,0.0,0.532,128.009,4,spotify:track:1b0EgjAcJAkOlMh1U5zXLU
NCT DREAM,Trigger the fever (The Official Song of the FIFA U-20 World Cup Korea Republic 2017),single,2017-03-16,1,spotify:album:29KXevMY8U3atSgi1qUH2f,trigger the fever (the official song of the fifa u-20 world cup korea republic 2017),206791,False,1,48,0.561,0.534,0.881,4,-2.871,1,0.0434,0.0352,0.0,0.532,128.009,4,spotify:track:6YEzJ1abhCakyaTq826f1j
NCT DREAM,The First - The 1st Single Album,single,2017-02-09,5,spotify:album:4wmCJoHoVwHdSBnLq5d4Sm,마지막 첫사랑 my first and last,201980,False,1,59,0.589,0.799,0.899,2,-3.945,1,0.131,0.018,0.0,0.0801,108.051,4,spotify:track:24PhZrRiALtUXgdwXkEwGt
NCT DREAM,The First - The 1st Single Album,single,2017-02-09,5,spotify:album:4wmCJoHoVwHdSBnLq5d4Sm,最后的初恋 my first and last - chinese version,201980,False,2,31,0.571,0.801,0.885,9,-4.108,0,0.168,0.0254,0.0,0.0577,108.02,4,spotify:track:7lMMCxTBJU0ioAymYX8h03
NCT DREAM,The First - The 1st Single Album,single,2017-02-09,5,spotify:album:4wmCJoHoVwHdSBnLq5d4Sm,덩크슛 dunk shot,232726,False,3,50,0.651,0.644,0.888,2,-4.097,1,0.071,0.124,0.0,0.269,115.983,4,spotify:track:2sOz5KStj3M1L1ErNo6MCC
NCT DREAM,The First - The 1st Single Album,single,2017-02-09,5,spotify:album:4wmCJoHoVwHdSBnLq5d4Sm,chewing gum 泡泡糖 - chinese version,197462,False,5,27,0.95,0.794,0.769,6,-3.444,1,0.0511,0.125,0.0,0.096,104.0,4,spotify:track:31oUaaV09TkZgcw7GIf3dO
NCT DREAM,Chewing Gum,single,2016-08-27,2,spotify:album:53wPhgvCnPI6QMvF7SABkX,chewing gum,197462,False,1,57,0.931,0.774,0.8,3,-3.426,0,0.0472,0.113,0.0,0.0782,103.977,4,spotify:track:1oacrRLAurXf6ylXFhF2YT
NCT DREAM,Chewing Gum,single,2016-08-27,2,spotify:album:53wPhgvCnPI6QMvF7SABkX,chewing gum - chinese version,197462,False,2,30,0.95,0.794,0.769,6,-3.444,1,0.0511,0.125,0.0,0.096,104.0,4,spotify:track:3L5hhdbKSlzvmxp7ar6PsI
WayV,Awaken The World - The 1st Album,album,2020-06-09,10,spotify:album:0XldHBFjCgxRMTXmjUj6cx,turn back time,218680,False,1,55,0.532,0.615,0.889,11,-3.698,1,0.0427,0.00354,0.0,0.159,134.958,4,spotify:track:4aHqVuUrfYMPro2bqn5Fse
WayV,Awaken The World - The 1st Album,album,2020-06-09,10,spotify:album:0XldHBFjCgxRMTXmjUj6cx,bad alive,229280,False,2,49,0.533,0.662,0.909,3,-2.965,0,0.0359,0.042,0.0,0.226,142.059,4,spotify:track:5xfGmBYIy5EfWvqlT9vkRB
WayV,Awaken The World - The 1st Album,album,2020-06-09,10,spotify:album:0XldHBFjCgxRMTXmjUj6cx,unbreakable,217813,False,3,43,0.533,0.598,0.802,10,-2.88,0,0.0407,0.168,0.0,0.184,140.092,4,spotify:track:3rirsQT0AxJ2SDzHDPnvr6
WayV,Awaken The World - The 1st Album,album,2020-06-09,10,spotify:album:0XldHBFjCgxRMTXmjUj6cx,after midnight,209320,False,4,49,0.327,0.577,0.87,2,-2.543,0,0.0557,0.0963,0.0,0.071,105.292,4,spotify:track:5OyBCIBDkTWUSvbFPFnKl0
WayV,Awaken The World - The 1st Album,album,2020-06-09,10,spotify:album:0XldHBFjCgxRMTXmjUj6cx,interlude: awaken the world,53600,False,5,37,0.337,0.481,0.783,1,-5.072,1,0.0361,0.0778,0.699,0.138,136.073,4,spotify:track:25QUurWK5I3ugRUUuaxzLa
WayV,Awaken The World - The 1st Album,album,2020-06-09,10,spotify:album:0XldHBFjCgxRMTXmjUj6cx,only human,212133,False,6,44,0.454,0.647,0.738,0,-3.759,1,0.0383,0.519,1.26e-06,0.11,143.988,4,spotify:track:4HuVx0jVOlwRGtSkhPP4VE
WayV,Awaken The World - The 1st Album,album,2020-06-09,10,spotify:album:0XldHBFjCgxRMTXmjUj6cx,domino,196880,False,7,49,0.319,0.654,0.678,9,-4.864,1,0.0451,0.0194,0.0,0.122,89.938,4,spotify:track:6SmfBvW4JgsoZPhagI0N3L
WayV,Awaken The World - The 1st Album,album,2020-06-09,10,spotify:album:0XldHBFjCgxRMTXmjUj6cx,up from here,241293,False,8,39,0.461,0.751,0.848,7,-3.895,1,0.0911,0.0751,0.0,0.314,100.061,4,spotify:track:54gh4wEVRzBnjOxUTHOeNu
WayV,Awaken The World - The 1st Album,album,2020-06-09,10,spotify:album:0XldHBFjCgxRMTXmjUj6cx,electric hearts,205800,False,9,43,0.35,0.723,0.935,0,-2.537,1,0.0452,0.0305,0.0,0.184,120.027,4,spotify:track:4Xd55lj6UHNIDy192fmAAD
WayV,Awaken The World - The 1st Album,album,2020-06-09,10,spotify:album:0XldHBFjCgxRMTXmjUj6cx,stand by me,212760,False,10,41,0.767,0.533,0.919,1,-4.163,1,0.0647,0.00804,0.0,0.336,180.105,4,spotify:track:0NRFpNIfyCUHdCalyQZEDN
WayV,Everytime,single,2021-07-30,1,spotify:album:4Vd1e6CleqWw7qggwZRHJJ,everytime,178582,False,1,42,0.255,0.667,0.692,0,-8.97,0,0.0395,0.0776,0.0,0.0972,127.025,4,spotify:track:1ToGBJEWxe0WBjCr6k12el
WayV,Kick Back - The 3rd Mini Album,single,2021-03-10,6,spotify:album:5BxZKzmJTisFVvDG14HJum,kick back,230773,False,1,57,0.318,0.643,0.862,2,-3.166,1,0.0744,0.0268,0.0,0.0801,90.025,4,spotify:track:1hXbbVF57nIcxIugYYtdms
WayV,Kick Back - The 3rd Mini Album,single,2021-03-10,6,spotify:album:5BxZKzmJTisFVvDG14HJum,action figure,199666,False,2,57,0.537,0.701,0.787,11,-2.56,0,0.0523,0.137,0.0,0.147,102.018,4,spotify:track:1Z9r4lrkfPK41tfqM6UKMx
WayV,Kick Back - The 3rd Mini Album,single,2021-03-10,6,spotify:album:5BxZKzmJTisFVvDG14HJum,horizon,211946,False,3,47,0.356,0.593,0.659,0,-4.139,0,0.0464,0.555,0.0,0.18,134.921,4,spotify:track:3A0i2HQCDGOE6KOOSbVSDu
WayV,Kick Back - The 3rd Mini Album,single,2021-03-10,6,spotify:album:5BxZKzmJTisFVvDG14HJum,all for love,197746,False,4,47,0.324,0.604,0.778,1,-3.504,1,0.0356,0.304,0.0,0.108,99.039,4,spotify:track:7gAnjbbi06muBkgsnEYFYp
WayV,Kick Back - The 3rd Mini Album,single,2021-03-10,6,spotify:album:5BxZKzmJTisFVvDG14HJum,good time,200640,False,5,45,0.859,0.709,0.808,0,-3.156,0,0.0644,0.206,0.0,0.262,145.177,4,spotify:track:7iRGkBZdLTs9BwhbnKd53i
WayV,Kick Back - The 3rd Mini Album,single,2021-03-10,6,spotify:album:5BxZKzmJTisFVvDG14HJum,kick back - korean version,230773,False,6,42,0.362,0.61,0.845,2,-3.126,1,0.0879,0.0164,0.0,0.0804,89.989,4,spotify:track:4swiSPeCwoVqPOV51ruVPA
WayV,Bad Alive (English Version),single,2020-07-29,1,spotify:album:4QopwOZ0tBnIVsBlhZLyrk,bad alive - english version,229266,False,1,53,0.575,0.667,0.84,3,-3.363,0,0.0303,0.0017,0.000175,0.332,142.014,4,spotify:track:4h1V7NLdMV1JpuaJbJAA9t
WayV,Turn Back Time (Korean Version),single,2020-06-18,1,spotify:album:47CwM1ZCy0Mtifet3Fm2IY,turn back time - korean version,218680,False,1,37,0.471,0.65,0.902,11,-3.686,1,0.043,0.003,0.0,0.151,134.969,4,spotify:track:5hXSKNjdAoqKZKOQ95bHYm
WayV,Love Talk (English Version),single,2019-11-05,1,spotify:album:60A7gFYvWmaDULmxUWSjyS,love talk - english version,232150,False,1,70,0.437,0.751,0.719,6,-5.198,0,0.0373,0.142,0.0,0.148,98.01,4,spotify:track:2e3cJdJ8xWwydl8JIYlCqB
WayV,Take Over The Moon - The 2nd Mini Album,single,2019-10-29,6,spotify:album:4ha80ucjDvhmQPLT77yyob,moonwalk,222686,False,1,54,0.377,0.734,0.629,2,-6.299,1,0.0543,0.0507,0.0,0.0899,109.982,4,spotify:track:0nNrpT5W9YOvR3bEa7ym12
WayV,Take Over The Moon - The 2nd Mini Album,single,2019-10-29,6,spotify:album:4ha80ucjDvhmQPLT77yyob,yeah yeah yeah,198005,False,2,40,0.611,0.682,0.851,9,-5.193,1,0.0847,0.177,0.0,0.334,131.011,4,spotify:track:1Z6yAybe9wz2Revpfy5eSa
WayV,Take Over The Moon - The 2nd Mini Album,single,2019-10-29,6,spotify:album:4ha80ucjDvhmQPLT77yyob,love talk,232694,False,3,59,0.485,0.742,0.749,6,-5.06,0,0.0378,0.232,0.0,0.119,98.013,4,spotify:track:6bc8VmlNt5S9WJlyw8bBdd
WayV,Take Over The Moon - The 2nd Mini Album,single,2019-10-29,6,spotify:album:4ha80ucjDvhmQPLT77yyob,king of hearts,198268,False,4,45,0.409,0.651,0.638,11,-6.024,0,0.108,0.161,0.0,0.325,149.902,4,spotify:track:04uvFToQGZkrdWkm65gxmu
WayV,Take Over The Moon - The 2nd Mini Album,single,2019-10-29,6,spotify:album:4ha80ucjDvhmQPLT77yyob,face to face,207172,False,5,46,0.383,0.54,0.296,2,-9.83,1,0.0338,0.844,0.0,0.131,142.741,4,spotify:track:3Zr1trnK5GcmwMMm40Fjyb
WayV,Take Over The Moon - The 2nd Mini Album,single,2019-10-29,6,spotify:album:4ha80ucjDvhmQPLT77yyob,we go nanana,206643,False,6,41,0.54,0.709,0.71,7,-4.473,1,0.0312,0.104,0.0,0.0173,98.022,4,spotify:track:2lDoT0PyJm1H4mWAO9p3kZ
WayV,Take Off - The 1st Mini Album,single,2019-05-09,6,spotify:album:7IzPpfu5gInokmyg2rDhRL,take off,233720,False,1,53,0.168,0.723,0.827,8,-5.417,1,0.0347,0.0119,0.0,0.183,103.023,4,spotify:track:1FU3x0eu9cUl3AltO6t2KH
WayV,Take Off - The 1st Mini Album,single,2019-05-09,6,spotify:album:7IzPpfu5gInokmyg2rDhRL,say it,195853,False,3,40,0.353,0.381,0.844,0,-5.878,0,0.17,0.084,0.0,0.375,73.828,4,spotify:track:5LQhLNSWjV6IhsSO6b8Xxh
WayV,Take Off - The 1st Mini Album,single,2019-05-09,6,spotify:album:7IzPpfu5gInokmyg2rDhRL,let me love u,226013,False,5,49,0.831,0.655,0.759,1,-5.986,1,0.0446,0.442,0.0,0.0682,91.991,4,spotify:track:4CZaAPfc74YaIPBEMFCKXH
WayV,The Vision - The 1st Digital EP,single,2019-01-17,3,spotify:album:6zaHxIDk15FXpLaeIDmiBk,regular,217586,False,1,47,0.866,0.715,0.789,9,-5.137,0,0.0474,0.309,0.0,0.301,134.02,4,spotify:track:3DjJqtq9KjM69osocS4JUc
WayV,The Vision - The 1st Digital EP,single,2019-01-17,3,spotify:album:6zaHxIDk15FXpLaeIDmiBk,come back,205293,False,2,41,0.643,0.713,0.818,4,-4.91,0,0.152,0.0281,0.0,0.117,111.972,4,spotify:track:19KPe3Byszxiixva1tI8fe
WayV,The Vision - The 1st Digital EP,single,2019-01-17,3,spotify:album:6zaHxIDk15FXpLaeIDmiBk,dream launch,226546,False,3,45,0.514,0.715,0.776,6,-5.888,0,0.0379,0.0241,0.0,0.133,93.032,4,spotify:track:6Vg2Y5ETpGdhMYpSESjIzN
